eng_strain,eng_stress_MPa,true_strain,true_stress_MPa,hardening_rate_MPa
NaN,NaN,NaN,NaN,NaN
NaN,NaN,NaN,NaN,NaN
4.87827366990601e-06,NaN,4.87826177110875e-06,2.76866974217808,NaN
NaN,NaN,NaN,NaN,NaN
7.62190295955367e-05,11.750692164059,7.62161250728411e-05,11.7515877904128,NaN
0.000147537152311417,19.2035284270169,0.000147526269776119,19.2063616609154,NaN
0.000215446707707789,26.5436868199086,0.000215423502398721,26.5494055698443,NaN
0.000279714361969052,33.5297147640203,0.000279675249200426,33.5390935067926,NaN
0.000335379866915009,40.0489343892859,0.000335323639658848,40.0623659955715,NaN
0.000386711114612526,46.3106045972571,0.000386636361140725,46.3285134227793,NaN
0.000437672936896671,52.5239842894855,0.000437577186034115,52.546972615947,NaN
0.000491222138616854,58.6890734659713,0.000491101528518124,58.7179028381527,NaN
0.000542910748627001,64.8380658038761,0.000542763425906183,64.8732670867212,NaN
0.000595292952649817,70.5524435000966,0.000595115836087419,70.5944428725044,NaN
0.000659161040077905,76.443886420707,0.000658943888859275,76.4942752523876,NaN
0.000722805254093295,82.3514261798983,0.000722544156183369,82.4109502234232,NaN
0.000765292637252335,87.9048354903097,0.000764999950159915,87.9721084136893,NaN
0.000808358954182742,93.8606657652437,0.000808032408049041,93.9365388748606,NaN
0.000849846810589305,98.6253299851909,0.000849485895255864,98.7091464073222,NaN
0.000899351387100289,104.13044877986,0.000898947212953091,104.224098643409,NaN
0.000941235569034582,109.31363080291,0.000940792884594883,109.416520680402,NaN
0.000986420499503149,114.094391861438,0.000985934306503198,114.206936908449,NaN
0.00103092457404408,119.068314982937,0.00103039353624734,119.191065434843,NaN
0.00107029205221187,123.736398171399,0.00106971969802772,123.868832254931,NaN
0.00111066713426222,128.163028781147,0.00111005079984009,128.305375245042,NaN
0.00114877820297732,132.573562552315,0.00114811886220682,132.725860171266,NaN
0.00118719745587859,136.984096323482,0.00118649329424307,137.146723494133,NaN
0.00122363573995088,140.782950228575,0.00122288770788913,140.95521727805,NaN
0.0012635649264372,145.209580838323,0.00126276730010661,145.393062571653,NaN
0.00130077054360256,149.523533578005,0.00129992527452026,149.718029386059,NaN
0.00133439825212989,153.016547550061,0.00133350873400853,153.220732563659,NaN
0.00136967809156885,157.121241388191,0.00136874093816631,157.336446910241,NaN
0.00140787499886685,161.129354194836,0.00140688487206823,161.356204184191,NaN
0.00144283540125301,165.185757517224,0.00144179551439232,165.424093375952,NaN
0.00148057286447223,168.775352520765,0.00147947789712154,169.025236727899,NaN
0.00151245602116901,172.525915910115,0.00151131341151386,172.786853770441,NaN
0.00154566257931754,176.276479299466,0.00154446927238806,176.548943257133,NaN
0.00157982430687165,180.075333204559,0.00157857769722814,180.359820593023,NaN
0.00161730152499295,183.455669306548,0.00161599510127932,183.752372440286,NaN
0.00165333826816005,186.948683278604,0.00165197300906183,187.257772690851,NaN
0.00168697460296152,190.79582769944,0.00168555325959488,191.11769541512,NaN
0.00172647687030869,194.240551155753,0.00172498822228145,194.575902974599,NaN
0.00176024654679185,197.878436675037,0.00175869912846482,198.226751509879,NaN
0.00179601588935818,201.32316013135,0.00179440498134328,201.684739725842,NaN
0.00183108289075729,204.977142489215,0.0018294085021322,205.352472627823,NaN
0.00186360470596103,208.357478591205,0.00186187034914712,208.745774568829,NaN
0.00190816651801518,212.20462301204,0.00190634828091685,212.60954476864,NaN
0.00194666085230466,215.601055952611,0.00194476856343284,216.020758087949,NaN
0.00197876070656466,218.78822999163,0.00197680553837953,219.221159544196,NaN
0.00201587388869306,222.281243963686,0.00201384474147122,222.729334919338,NaN
0.00205714777523913,225.709870581418,0.00205503474413646,226.174189139534,NaN
0.00208983834241616,229.009722490503,0.00208765766791045,229.48831578935,NaN
0.00211992113294635,232.34176807675,0.00211767727078891,232.834314300962,NaN
0.00216307059467002,235.979653596034,0.00216073452558635,236.490094245668,NaN
0.00220057338432933,238.957568733501,0.00219815566897654,239.48341239924,NaN
0.00224033899448806,242.305711158328,0.00223783317697228,242.848558091624,NaN
0.0022751770146956,245.54117571309,0.00227259271855011,246.099825352234,NaN
0.0023167770741368,248.921511815079,0.00231409748400853,249.498207466912,NaN
0.00235500593261628,252.156976369841,0.0023522372521322,252.750807545143,NaN
0.00239111658510982,255.392440924602,0.00238826241471215,256.003114025809,NaN
0.00242190909720263,258.418646577812,0.0024189810021322,259.044513048846,NaN
0.00246406215336803,261.654111132574,0.00246103132995736,262.298843125088,NaN
0.00251487859843902,264.937866203078,0.00251172158315565,265.604152772708,NaN
0.00257007011408295,267.980168694868,0.00256677313166312,268.668896517598,NaN
0.00260262635610853,271.054664863821,0.0025992453891258,271.760118878542,NaN
0.00263192008578694,274.032580001288,0.00262846264925373,274.753811852753,NaN
0.00268751053340366,277.171463524564,0.00268390563432836,277.916364752345,NaN
0.00272821864740846,280.455218595068,0.00272450381396589,281.220361752202,NaN
0.00276230353564144,283.384843216792,0.00275849538646056,284.167638171157,NaN
0.00281271897977153,286.459339385745,0.00280877068763326,287.265069006568,NaN
0.00286745505281472,289.533835554697,0.00286335174573561,290.364060814419,NaN
0.00290969011731423,292.62442856223,0.00290546516257996,293.475874970103,NaN
0.0029506713841736,295.489665829631,0.00294632669776119,296.361558730914,NaN
0.00301051192221391,298.419290451355,0.00300598940565032,299.317685283078,NaN
0.00306772106021103,301.509883458889,0.00306302520522388,302.434831678237,NaN
0.00311930305338803,304.487798596356,0.00311444812100213,305.437588316237,NaN
0.00316111892901461,307.304745348014,0.00315613309701493,308.276172195509,NaN
0.00320539759315386,310.491919387032,0.00320027125799574,311.487169438129,NaN
0.00327247358417404,313.260575622948,0.003267130695629,314.285712581637,NaN
0.00332021986099673,316.399459146224,0.00331472010127932,317.44997491449,NaN
0.0033737881671001,319.00714699633,0.00336810971215352,320.083409534086,NaN
0.00342248040691961,321.727512716502,0.00341663704957356,322.828618825142,NaN
0.00346292907269108,324.206425857962,0.00345694694029851,325.329129715618,NaN
0.00354541240821038,327.232631511171,0.00353914224946695,328.392806143302,NaN
0.00358932922515987,329.695447814049,0.00358290295575693,330.87883332029,NaN
0.00364505849368868,332.254845148413,0.00363843136727079,333.46593349379,NaN
0.00370139352960974,335.184469770137,0.00369456022921109,336.42511939777,NaN
0.00377298978778629,337.647286073015,0.00376588991471215,338.921225835243,NaN
0.00384073090984138,340.271070761702,0.00383337413379531,341.577960380902,NaN
0.00387300038643246,342.589015517352,0.00386551962953092,343.915862906839,NaN
0.00392865286221311,345.309381237525,0.00392095585820895,346.665981926473,NaN
0.00398395804294838,347.659519670337,0.00397604309701493,349.044580609935,NaN
0.00405132506043193,349.977464425987,0.00404314054104477,351.395336898202,NaN
0.00410511317201778,352.134440795828,0.00409671018390192,353.57999252706,NaN
0.00416315921984878,354.339707681411,0.00415451724946695,355.814880302404,NaN
0.0042235897624936,356.657652437061,0.0042146954424307,358.16402804661,NaN
0.00428618551296678,359.217049771425,0.00427702598347548,360.756720686166,NaN
0.00435534575777363,361.534994527075,0.00434588868869936,363.109604431775,NaN
0.00440046669905203,363.740261412659,0.00439081295575693,365.340888320109,NaN
0.00446295024861665,365.993818813985,0.00445302081823028,367.627231018653,NaN
0.00453012778854056,368.150795183826,0.00451989764392324,369.818565331462,NaN
0.00459592764408612,370.420449423733,0.00458539861673774,372.122875007174,NaN
0.00465593334040948,372.67400682506,0.00464512800906183,374.40915215854,NaN
0.00474086853484845,374.718305324834,0.00472966601012793,376.49479554798,NaN
0.00480553410718132,376.939669048999,0.0047940243869936,378.751065484963,NaN
0.00488057545974296,379.241516966068,0.00486870406183369,381.092433807088,NaN
0.00496122469551841,381.398493335909,0.00494895837420042,383.290696959881,NaN
0.00501886866388834,383.297920288455,0.00500631612473348,385.221642209525,NaN
0.00507980384347229,385.567574528363,0.00506694516791045,387.52618217537,NaN
0.00513772599258289,387.724550898204,0.00512457291044776,389.716573401316,NaN
0.00519641932946024,389.672268366493,0.00518296453358209,391.697168873987,NaN
0.00527933292748828,391.974116283562,0.00526544610341151,394.043478142381,NaN
0.00536288990223732,393.615993818814,0.00534856081556503,395.726913057424,NaN
0.00544853138960488,395.933938574464,0.00543374183901919,398.091197066997,NaN
0.00551593726241739,397.83336552701,0.00550078019189766,400.027789412154,NaN
0.00559357350251277,399.893760865366,0.00557798756396588,402.130596009963,NaN
0.00567161000193694,401.632219432103,0.00565558697761194,403.910120744935,NaN
0.00573795322899273,403.789195801944,0.00572155387793177,406.106119321829,NaN
0.00583688446044572,405.785203785976,0.00581991584754798,408.153725136234,NaN
0.00590635413664242,407.797308608589,0.00588898000533049,410.205903929201,NaN
0.00595787802519476,409.95428497843,0.00594020005063966,412.396742604238,NaN
0.00603222156877337,411.74103406091,0.00601410055703624,414.224747207322,NaN
0.00612103657627783,413.640461013457,0.00610237912846481,416.172369404749,NaN
0.00618093260492758,415.700856351812,0.00616190898987207,418.270275328734,NaN
0.00626793158991412,417.43931491855,0.0062483698054371,420.0557959874,NaN
0.00634439712089452,419.242160839611,0.00632435615405117,421.901999597799,NaN
0.00641761268814167,421.141587792158,0.00639710749466951,423.844311389477,NaN
0.00650765085389726,423.15369261477,0.00648656751332623,425.907429103845,NaN
0.00657756169509249,424.940441697251,0.00655602392857142,427.735513669254,NaN
0.00665982191455128,426.630609748245,0.00663774327292111,429.471893632465,NaN
0.00674722844364495,428.691005086601,0.00672456777185501,431.583481229656,NaN
0.00683260277943298,430.751400424957,0.0068093663326226,433.694553640745,NaN
0.00690511066897392,432.393277960209,0.00688137957356077,435.379001397044,NaN
0.0070022591611214,434.292704912755,0.00697785719083156,437.333734984339,NaN
0.00707525267975706,435.725323546455,0.00705034051705757,438.808190309516,NaN
0.00716309900949974,437.624750499002,0.00713756587420043,440.759499915834,NaN
0.00724993232871451,439.218337518511,0.00722377790511727,442.402640743051,NaN
0.00734531482525624,441.214345502543,0.00731846937899786,444.455203775679,NaN
0.00743281347645519,443.017191423604,0.00740532623933902,446.310055574319,NaN
0.00751552527980204,444.755649990342,0.00748742442697228,448.098222321179,NaN
0.00760972920317982,446.558495911403,0.00758092126865672,449.956685138668,NaN
0.00769634836624822,448.200373446655,0.00766688256663113,451.649879658583,NaN
0.00779606944103928,450.357349816496,0.00776583711886994,453.868366988948,NaN
0.00788177099133458,451.902646320263,0.00785087208688699,455.464439488937,NaN
0.00796936951514882,453.238683922478,0.00793778180170576,456.850710473216,NaN
0.00805871839425398,454.928851973472,0.00802642032782516,458.594995480948,NaN
0.00815744311710587,456.570729508724,0.00812435102078892,460.295179263627,NaN
0.00825300913842053,458.325284914043,0.00821913928304904,462.107847678808,NaN
0.00834988719296414,459.902775094971,0.00831521973081024,463.742911386746,NaN
0.00844632305312709,461.609039984547,0.00841085245735607,465.5079390605,NaN
0.00854515988526372,463.202627004056,0.00850885667110875,467.16076751108,NaN
0.00864402220065541,464.989376086537,0.00860687654584222,469.008754576498,NaN
0.00873971141578855,466.534672590303,0.00870174121002132,470.612050994202,NaN
0.00884139742023882,468.337518511364,0.00880254112739872,472.478276639332,NaN
0.00893144583587868,469.770137145065,0.00889179638326226,473.965863680289,NaN
0.00903212865391878,471.363724164574,0.00899158293976546,475.621141964019,NaN
0.0091273468621349,472.587083896723,0.00908594437100213,476.900550134013,NaN
0.00922915928675949,474.228961431975,0.00918683083422175,478.605696055425,NaN
0.00932672932475831,475.822548451484,0.0092835039445629,480.260416567508,NaN
0.00943027220256032,477.416135470994,0.00938608476812366,481.918299582379,NaN
0.00953631872398941,478.864850943275,0.00949113506663113,483.431458787585,NaN
0.00964353930546746,480.603309510012,0.00959733717750533,485.23802641561,NaN
0.00974089514491361,481.891056596484,0.00969375848081024,486.585106850062,NaN
0.00984723409248489,483.371965745927,0.00979906603944563,488.131842646372,NaN
0.00995769913254385,485.174811666989,0.00990844792910448,490.006036468257,NaN
0.0100622748342993,486.205009336166,0.0100119872041578,491.09733776592,NaN
0.0101601645563762,487.589337454124,0.0101088970495736,492.543325358592,NaN
0.0102657166526867,488.973665572082,0.0102133820469083,493.99333067347,NaN
0.0103734195190022,490.454574721525,0.0103199848187633,495.542265780125,NaN
0.010486528649851,491.999871225291,0.010431926401919,497.159241970618,NaN
0.010599717907017,493.496877213315,0.0105439347414712,498.72780489977,NaN
0.010707958811788,494.881205331273,0.0106510346215352,500.180372894688,NaN
0.0108198866732898,496.217242933488,0.0107617705303838,501.586257267361,NaN
0.0109268560971139,497.488893181379,0.0108675893470149,502.924882727085,NaN
0.0110471703848714,498.985899169403,0.0109865961060768,504.498281417176,NaN
0.0111522308361678,500.370227287361,0.0110905032196162,505.950471565615,NaN
0.0112643515927395,501.400424956538,0.0112013812233476,507.048375631998,NaN
0.0113876691256245,502.945721460305,0.0113233177025586,508.673100924444,NaN
0.0114986106249655,504.169081192454,0.0114330040458422,509.966325146232,NaN
0.0116113474081563,505.408537763183,0.0115444530383795,511.2770118782,NaN
0.0117309969270727,506.680188011075,0.011662722217484,512.624051739641,NaN
0.0118530632900837,508.177193999099,0.0117833659461621,514.200650442147,NaN
0.011970326478665,509.352263215504,0.0118992487739872,515.449376098841,NaN
0.0120899792539495,510.688300817719,0.0120174792190832,516.86251177984,NaN
0.012200435286156,511.670207971154,0.01212660983742,517.91280723136,NaN
0.0123406032650872,513.102826604855,0.0122650787313433,519.43482502218,NaN
0.012437659165409,514.036443242547,0.0123609469083156,520.429853322197,NaN
0.0125579748853408,515.308093490438,0.0124797775053305,521.779319586704,NaN
0.0126741990571095,516.386581675359,0.0125945536513859,522.931368001933,NaN
0.0127955876422241,517.577747730346,0.0127144158049041,524.200459163094,NaN
0.0129161371691302,519.058656879789,0.0128334352345416,525.762889690873,NaN
0.0130554892156673,520.185435580452,0.0129710008795309,526.97671092482,NaN
0.0131880106707851,521.376601635439,0.0131018059434968,528.252521821305,NaN
0.0133052036320127,522.503380336102,0.0132174667910448,529.455394209889,NaN
0.0134193546252785,523.485287489537,0.0133301125799574,530.510122203475,NaN
0.0135465853647287,524.499388320134,0.0134556506929638,531.604564057761,NaN
0.0136788762250459,525.384714442084,0.0135861648987207,532.571386921468,NaN
0.013811575907249,526.720752044298,0.0137170653251599,533.995595693082,NaN
0.0139391095083752,527.63827184341,0.0138428535714286,534.993079495445,NaN
0.014069536814213,528.71676002833,0.0139714795575693,536.15555994784,NaN
0.0142054630794601,529.843538728994,0.0141055109541578,537.370211556299,NaN
0.0143349727077315,531.179576331209,0.0142331984541578,538.794021060821,NaN
0.0144608720345292,531.952224583092,0.0143573108208955,539.644717631271,NaN
0.014600472238947,532.98242225227,0.0144949115938166,540.764217312211,NaN
0.0147354213448947,534.109200952933,0.0146279098880597,541.979525073159,NaN
0.0148621174835133,535.026720752044,0.0147527584221748,542.97835073268,NaN
0.0149972741993689,535.84765951967,0.0148859269722815,543.883913798577,NaN
0.0151399297815433,536.926147704591,0.0150264648454158,545.055171878713,NaN
0.0152730862367465,537.859764342283,0.0151576267857143,546.074542906359,NaN
0.0154120954321597,538.680703109909,0.0152945354477612,546.982901513702,NaN
0.0155574590735426,539.75919129483,0.015437682489339,548.156472822967,NaN
0.0156887238915744,540.725001609684,0.0155669280916844,549.208286861209,NaN
0.0158263596609405,541.916167664671,0.0157024287046908,550.49272784021,NaN
0.0159688618550589,542.688815916554,0.0158427009061834,551.354938648211,NaN
0.0161075664795458,543.558045199923,0.0159792160714286,552.313442548472,NaN
0.0162538635413823,544.733114416329,0.0161231836353945,553.587132124524,NaN
0.0163813232027525,545.344794282403,0.0162485968550107,554.278263614482,NaN
0.0165245617403322,546.230120404353,0.0163895168443497,555.256333753404,NaN
0.0166676469373175,546.89009078617,0.0165302661513859,556.005461732911,NaN
0.0168180369966033,547.96857897109,0.016678179717484,557.184334805202,NaN
0.0169594907766653,548.580258837164,0.0168172841950959,557.883900677174,NaN
0.0171154793343344,549.723134376408,0.0169706596215352,559.131909322433,NaN
0.0172490639407719,550.688944691263,0.0171019877132196,560.187813509718,NaN
0.0173950836049956,551.461592943146,0.0172455210820895,561.054313457336,NaN
0.0175447093053984,552.137660163544,0.0173925777185501,561.824754907676,NaN
0.0176993766541971,553.055179962655,0.0175445667110874,562.843911903369,NaN
0.017841374338341,553.924409246024,0.0176840851012793,563.807181986527,NaN
0.0179837287301943,554.536089112098,0.017823934434968,564.508715709793,NaN
0.0181500970081048,555.260446848239,0.017987350293177,565.338477823298,NaN
0.0182949000250965,556.129676131608,0.0181295618603412,566.304012957425,NaN
0.018437220047357,556.854033867748,0.0182693151652452,567.120874224427,NaN
0.0185931500799323,557.723263151117,0.0184224106076759,568.093095485955,NaN
0.018752878306882,558.447620887258,0.0185792109008529,568.920121162524,NaN
0.0188927211312515,559.268559654884,0.0187164701226013,569.83466458992,NaN
0.0190474587187284,560.08949842251,0.0188683269722815,570.757780022506,NaN
0.0191995103126077,560.749468804327,0.0190175253731343,571.515584013425,NaN
0.0193589428067449,561.377245508982,0.0191739422707889,572.244915497798,NaN
0.019506972813268,562.037215890799,0.0193191504530917,573.000860581226,NaN
0.0196650561189879,562.713283111197,0.0194741970149254,573.779071402479,NaN
0.0198267488444857,563.582512394566,0.0196327587953091,574.756521320957,NaN
0.0199906741067137,564.242482776383,0.0197934842217484,575.522070366728,NaN
0.0201401313324663,564.918549996781,0.0199400015191898,576.296083785862,NaN
0.0202855485875284,565.578520378598,0.0200825377132196,577.0515909338,4961.07811183238
0.020449582599628,566.206297083253,0.0202432974413646,577.784979523886,4905.99647667681
0.0206005402059268,567.123816882364,0.0203912189498934,578.806873873788,4852.88729830837
0.0207566452977688,567.783787264181,0.0205441614072495,579.569073942248,4808.62592324323
0.0209119606385582,568.29888609877,0.0206963069029851,580.183130035804,4763.82997597188
0.0210859499354532,569.071534350654,0.0208667177505331,581.070948233663,4716.29045052252
0.021239241382625,569.747601571051,0.0210168323827292,581.84860840799,4671.37416704158
0.0213993924173861,570.26270040564,0.0211736403784648,582.465975712619,4629.81951527653
0.0215839069964099,570.826089755972,0.0213542728678038,583.146746988389,4589.26247359909
0.0217339363289899,571.341188590561,0.0215011216151386,583.758681605517,4543.70431666579
0.0218884049286223,572.162127358187,0.0216522929904051,584.685843686625,4501.88336655322
0.0220559884302387,572.661129354195,0.0218162734808102,585.291736597678,4458.58285184853
0.0222173972169852,573.546455476145,0.0219741865938166,586.289164899852,4420.67175307012
0.0223626155556382,574.206425857962,0.0221162385927505,587.047183409,4382.7687111485
0.0225337693222909,574.673234176808,0.0222836346215352,587.622788271443,4346.49488719925
0.0226987449064993,575.236623527139,0.0224449615938166,588.293772905458,4309.85746531332
0.022854634228519,575.639044491662,0.0225973793443497,588.795064301173,4274.46012256229
0.0230374718213038,576.363402227802,0.0227761156449893,589.641357865456,4241.88194483326
0.0231921206944081,576.717532676582,0.0229272706023454,590.092835300999,4208.93185451756
0.023344683221977,577.39359989698,0.0230763639658849,590.872670580972,4174.50156615022
0.0235114922347888,578.053570278797,0.0232393544243071,591.644472307699,4141.48787647801
0.0236726640912532,578.777928014938,0.0233968115405117,592.479143488267,4106.16173949322
0.0238490390128092,579.244736333784,0.0235690929104478,593.059166648573,4075.21726448559
0.0240252170833597,579.856416199858,0.0237411523720682,593.787592476239,4040.90404853907
0.0241829790091974,580.629064451742,0.0238952010927505,594.670404929508,4009.29104951888
0.0243526263938485,580.983194900522,0.0240608290511727,595.131661587038,3978.6518263717
0.0245022921600868,581.401712703625,0.0242069260394456,595.647387330664,3950.03818852703
0.0246730892619587,581.916811538214,0.0243736244136461,596.274496972331,3922.69651084638
0.0248364333133306,582.576781920031,0.0245330226012793,597.045911314082,3891.22678972791
0.0250043728584612,582.995299723134,0.0246968787846482,597.572731572142,3869.85291448907
0.02517024124623,583.397720687657,0.0248586878198294,598.081982059866,3841.37134707764
0.0253329631849843,584.17036893954,0.0250174019722815,598.969135389645,3814.50448689485
0.0255112174281378,584.782048805615,0.025191236966951,599.700550800766,3782.83051744332
0.0256700945409949,585.200566608718,0.0253461497601279,600.222720479008,3762.3675562347
0.0258396731745778,585.76395595905,0.025511470575693,600.899905138479,3734.70945840898
0.0260167603061146,586.327345309381,0.0256840821961621,601.581683313216,3715.41738134625
0.0262010915304283,586.939025175456,0.0258637231876333,602.317468296858,3697.67850662255
0.0263650388000329,587.19657459275,0.0260234717750533,602.678035065134,3676.12233602513
0.0265238313679022,587.566801880111,0.026178173347548,603.151324650556,3652.40930986674
0.0267015175548224,587.920932328891,0.0263512534115138,603.619313424318,3632.64097531787
0.0268689831637543,588.484321679222,0.0265143504264392,604.296297010555,3617.84638422226
0.027036247906415,589.096001545297,0.0266772252665245,605.022947083753,3592.07023148769
0.0272122679585156,589.723778249952,0.0268485969882729,605.771499725198,3571.71399968702
0.0273944973130571,590.174489730217,0.0270259831023454,606.342023203366,3551.39304931248
0.0275567384238711,590.59300753332,0.0271838857409382,606.867824556884,3535.96884809726
0.0277231833123857,591.252977915137,0.0273458538379531,607.644392605873,3520.46184700193
0.0278822673958725,591.768076749726,0.0275006345948827,608.267912502003,3501.72729887803
0.0280281728718781,592.18659455283,0.0276425721748401,608.784502797365,3486.02568146461
0.0282017047530312,592.589015517352,0.0278113586353945,609.301035972862,3474.81738519918
0.028358849055049,592.798274418904,0.027964181076759,609.609351203243,3455.49349759998
0.0285587478116009,593.458244800721,0.0281585483742004,610.4066691507,3439.64541621336
0.0287302627129469,593.667503702273,0.0283252871268657,610.723727047779,3425.88704939792
0.028915705148709,594.343570922671,0.0285055343017057,611.529434376502,3408.46854258408
0.029097913484756,594.794282402936,0.0286826063432836,612.101554973524,3390.43050184204
0.0292757017473713,595.261090721782,0.0288553526918976,612.687776875568,3376.0881301295
0.0294384061150281,595.872770587857,0.0290134167643923,613.414315201309,3358.41553082364
0.0296185274979703,596.130320005151,0.0291883719882729,613.786822280597,3347.20393871339
0.029772275785972,596.902968257034,0.0293376863272921,614.674128045448,3332.58521002889
0.0298972923763194,596.951258772777,0.029459081130064,614.798485090719,3317.76214757397
0.0300872340121974,597.36977657588,0.0296434918710021,615.342980835533,3302.76462402648
0.0302863231528536,597.627325993175,0.0298367472547974,615.72726031318,3290.15381274263
0.0304506372388407,598.335586890735,0.0299962184434968,616.555286794233,3274.41682563029
0.0306028237616807,598.657523662353,0.0301438968283582,616.978134352596,3258.60859126655
0.0307625246079486,599.414075075655,0.0302988434968017,617.853565310521,3237.23355955996
0.0309284433643711,599.993561264567,0.0304597975479744,618.550428143126,3226.83264594577
0.0311090739209008,600.347691713347,0.0306349937366738,619.0239524331,3210.14338975307
0.0312916105077812,600.444272744833,0.0308120074360341,619.233141059192,3198.32571728963
0.0314679893728775,601.007662095164,0.0309830199626866,619.920164818993,3179.67276674873
0.0316530183069363,601.683729315562,0.0311623879530917,620.728835414574,3169.53743058668
0.0318300121610202,601.683729315562,0.0313339365938166,620.835329736765,3158.82483200255
0.0319967867754245,602.037859764342,0.0314955534648188,621.301136793955,3145.43887729913
0.0321564897144471,602.391990213122,0.0316502928837953,621.762802050476,3133.88773040278
0.0323294311273858,602.907089047711,0.0318178323294243,622.398732259292,3122.46291203101
0.0325222926254591,603.534865752366,0.0320046365405117,623.163203266032,3112.2073160228
0.0326759751633992,603.888996201146,0.0321534673240938,623.621658042465,3099.03356035944
0.0328725691956564,604.243126649926,0.0323438226012793,624.106150641725,3088.35188418169
0.0330459256910751,604.967484386067,0.0325116477078892,624.959194920605,3074.34033409684
0.0332232520083033,605.064065417552,0.0326832868336887,625.166261344088,3065.04476232337
0.0334062675845548,605.579164252141,0.0328604018656716,625.809303856779,3057.52178744146
0.0335753713901683,605.997682055244,0.0330240257729211,626.34427929183,3045.02777309192
0.0337605065795545,606.190844118215,0.0332031308635394,626.656154099534,3037.60423625942
0.0339361826804467,606.609361921319,0.0333730553038379,627.19536804315,3031.0402812497
0.0340925762802433,607.076170240165,0.0335243042643923,627.772960881996,3022.67044734431
0.0342415320024176,607.17275127165,0.0336683387526653,627.963276465314,3009.67891528702
0.0344172677648553,607.945399523534,0.0338382418443497,628.869219125347,3002.41509715592
0.0346073185084796,608.41220784238,0.0340219523187633,629.467722903628,2988.9900533767
0.0347763072319669,608.814628806902,0.0341852750799573,629.986953385607,2982.56098700014
0.0349536230136367,609.023887708454,0.0343566170309168,630.311479085715,2976.09749347094
0.035125462198115,609.538986543043,0.0345226388859275,630.949325173138,2971.18339519596
0.035311015548005,609.796535960337,0.0347018796908316,631.329070922752,2963.31867149395
0.0355029894711949,610.247247440603,0.0348872888326226,631.912849041312,2954.44609570091
0.035677336429313,610.247247440603,0.0350556440031983,632.019243792603,2950.54637705146
0.0358510771512075,611.08428304681,0.0352233855810235,632.992312824211,2942.35085583953
0.0360301045271767,611.229154594038,0.0353962018390192,633.251804924119,2936.76536398932
0.0361930849359218,611.744253428627,0.0355535018923241,633.885165152031,2925.31808127241
0.0363764724854276,611.905221814436,0.0357304682569296,634.164175279458,2919.71585415176
0.0365418939397657,612.565192196253,0.0358900707356076,634.94948448068,2912.50672570864
0.0367018624327591,613.032000515099,0.0360443878464819,635.531416664883,2907.74351544118
0.0368730734030422,613.22516257807,0.036209523880597,635.836659010403,2898.70325205775
0.0370454656978447,613.482711995364,0.0363757717750533,636.209464758809,2896.08073295621
0.0372206060104308,613.997810829953,0.0365446414445629,636.851181438122,2889.46027635895
0.0374052707152202,614.30365076299,0.036722663619403,637.281845121128,2879.9289434475
0.0375834344877863,614.673878050351,0.0368943886727079,637.77543347741,2877.02373211965
0.0377585710891777,615.028008499131,0.037063167217484,638.250587279881,2870.33927656876
0.03793269558458,615.140686369197,0.0372309421641791,638.474630766929,2863.59910384154
0.0381107394096574,615.752366235271,0.0374024644189766,639.219144205744,2858.14345479837
0.0382876320034826,616.154787199794,0.0375728484808102,639.745894949284,2848.261176679
0.0384725546285638,616.573305002897,0.03775093608742,640.294455162135,2841.20727334127
0.0386577156782233,616.879144935935,0.0379292215351812,640.726283528693,2838.26674769498
0.0388262164572424,617.394243770523,0.0380914377398721,641.365326318613,2834.59951463821
0.0389873389363138,617.603502672075,0.0382465262260128,641.682219759006,2828.28179071061
0.0391578134974846,617.86105208937,0.0384105903784648,642.055139934445,2822.68784109162
0.0393252950014249,618.263473053892,0.0385717478144989,642.576866520342,2814.25597954263
0.0394997966599198,618.472731955444,0.0387396327025586,642.902279107389,2815.22849182878
0.0396719770468583,619.036121305775,0.0389052567164179,643.594508101394,2799.08148275101
0.039856083978473,619.390251754555,0.0390823227878465,644.076721643933,2798.42145138017
0.0400332766098772,619.696091687593,0.0392527093816631,644.504556740182,2789.72076399905
0.0402014698261377,620.114609490696,0.0394144153784648,645.044128252883,2787.87687854064
0.0403737128096862,620.468739939476,0.0395799878464819,645.51936665318,2781.54575988195
0.0405437756801315,620.72628935677,0.0397434377398721,645.892876791212,2777.393440309
0.0407185749248014,620.983838774065,0.0399114119936034,646.269415740277,2773.54965078745
0.0408948074368607,621.450647092911,0.0400807349946695,646.864751637288,2770.40253444303
0.0410759542355508,621.547228124396,0.0402547497334755,647.077873622068,2760.53758066397
0.0412437377548578,622.110617474728,0.0404159003198294,647.768784636368,2758.81308736726
0.0414159556710156,622.368166892022,0.0405812829957356,648.144139303074,2752.69188112671
0.0415995688810793,622.786684695126,0.0407575785714285,648.69434228332,2746.26034375503
0.0417780276350641,623.140815143906,0.0409288953358209,649.174409339524,2744.57104007479
0.0419453545931456,623.494945592686,0.0410894991471215,649.647662172605,2737.93530030849
0.0421201505323416,623.865172880046,0.0412572442963753,650.142467873639,2731.63953214414
0.0422958422448962,623.961753911532,0.0414258207356077,650.352741821823,2726.77411033683
0.0424710514828499,624.428562230378,0.0415939059434968,650.948699844226,2721.95285077548
0.0426471076172645,624.782692679158,0.0417627751599147,651.42786741125,2716.12160166395
0.0428355132960858,625.201210482261,0.0419434582089552,651.982025246603,2712.23228770084
0.0429970683396312,625.410469383813,0.0420983652185501,652.30128607623,2706.20001339587
0.0431722629436484,625.764599832593,0.0422663234008529,652.780273677393,2698.86801677955
0.0433547141006181,626.07043976563,0.0424412084221749,653.213544688517,2695.88569746337
0.0435204574028949,626.633829115962,0.042600051945629,653.905219983216,2686.82984530492
0.0437010839803182,626.987959564741,0.0427731304371002,654.388013040328,2680.47009492299
0.0438799845586519,627.358186852102,0.042944525533049,654.886654403917,2675.4829180668
0.0440519369095216,627.551348915073,0.0431092362206823,655.196201344965,2673.46708984716
0.0442100482294656,627.664026785139,0.0432606648454158,655.413083681211,2666.95488923175
0.044396087647538,628.275706651214,0.0434388118070363,656.16868999052,2662.74167431756
0.0445694805582795,628.130835103986,0.0436048202025587,656.126300147208,2661.21536580062
0.0447468015880408,628.694224454317,0.0437745609275053,656.826280175522,2654.59377682384
0.0449131033450076,628.887386517288,0.0439337272654584,657.132670700311,2650.95672907508
0.0450949659370243,629.354194836134,0.044107757782516,657.734900814593,2643.04285366998
0.0452753487378197,629.82100315498,0.0442803423240938,658.336368715225,2641.67694263589
0.0454456698657351,630.223424119503,0.0444432728411514,658.864349793691,2636.84989132716
0.045621744763872,630.432683021055,0.0446116795575693,659.194121976644,2634.79543392261
0.0458040882776301,630.786813469835,0.0447860519989339,659.679428358372,2627.43913837401
0.0459692015266291,630.786813469835,0.0449439211620469,659.78357961857,2628.79286185342
0.0461486505372668,631.301912304423,0.0451154688699361,660.435643638868,2625.93848350888
0.0463202211054692,631.511171205975,0.0452794575159915,660.76290828681,2623.83982218428
0.0464908156875652,631.720430107527,0.0454424866471215,661.089628189725,2621.28065815231
0.0466765629530055,632.187238426373,0.0456199662579957,661.695565858868,2612.67887668731
0.0468477141420323,632.589659390896,0.0457834715884861,662.225038923246,2611.39458323353
0.0470239703389126,632.84720880819,0.0459518259328358,662.60619718425,2604.98050830823
0.0471873888735135,633.20133925697,0.0461078928304904,663.080457087718,2605.54206189356
0.0473732119310417,633.523276028588,0.0462853267590618,663.535308447138,2596.66179749209
0.0475507566532019,633.92569699311,0.0464548266791045,664.069343547041,2592.88024165754
0.0477193988718192,634.231536926148,0.0466158008795309,664.496684613813,2590.02303691416
0.0478979713034964,634.440795827699,0.0467862255330491,664.829222860022,2587.17093813681
0.048058028435654,634.650054729251,0.046938955010661,665.150085106119,2587.23184507397
0.0482477691403336,635.100766209516,0.047119978891258,665.742961358442,2580.10156837954
0.0484294305444462,635.310025111068,0.0472932639392324,666.077727846375,2582.3857761055
0.048593112207884,635.51928401262,0.0474493725746269,666.401143890919,2573.85405414424
0.048759742783242,635.825123945657,0.0476082686567164,666.82779344437,2571.04217240863
0.0489381281695913,636.436803811731,0.0477783459488273,667.582829688515,2564.87828268682
0.0491215258990449,636.59777219754,0.0479531719882729,667.868426151816,2563.01385473353
0.0492902295070403,636.855321614835,0.0481139636993603,668.24606658001,2556.97018429653
0.049470985344191,637.322129933681,0.0482862137260128,668.851083683159,2558.1228069647
0.0496284471730615,637.467001480909,0.0484362417110874,669.103498888474,2557.04948068704
0.0498110944678811,637.627969866718,0.0486102379530917,669.388916909112,2553.43188610421
0.0499805260769399,637.821131929689,0.0487716174040512,669.699767646524,2551.37906603343
0.0501630828788429,638.287940248535,0.0489454691364606,670.306431095788,2544.4127723995
0.0503324865865273,638.54548966583,0.0491067679371002,670.685071959322,2543.90728187501
0.050504033186191,638.964007468933,0.0492700805970149,671.234266906926,2539.11528882468
0.0506874541821294,639.012297984676,0.0494446682036248,671.402204560591,2533.0939403865
0.0508611455491703,639.720558882236,0.0496099666577825,672.257479338341,2530.69468437292
0.0510411345445301,639.881527268044,0.0497812296108742,672.541806393892,2527.60174186008
0.0512257362676924,640.396626102633,0.0499568511993603,673.201414778087,2524.22995315068
0.0513907228704382,640.702466035671,0.0501137857675906,673.628628910116,2523.40216092938
0.0515629019738921,640.605885004185,0.050277535554371,673.637383456554,2522.79261670469
0.0517352101586699,641.008305968708,0.0504413812633263,674.171005391452,2522.13990880099
0.0519090514626259,641.120983838774,0.0506066575959488,674.40096598263,2518.86929263835
0.0520850008527856,641.732663704848,0.0507739103411514,675.157310041176,2512.8236298576
0.0522565563163511,641.780954220591,0.0509369594083156,675.318216797581,2511.2745510611
0.0524420212662773,642.086794153628,0.0511131983742004,675.759123467428,2510.06543118584
0.0526162198567268,642.457021440989,0.0512787031449893,676.260681329626,2505.69421569947
0.0527837974648839,642.698474019703,0.0514378915245203,676.622540103348,2500.27816482724
0.0529662539715758,643.165282338549,0.0516111851279318,677.231338028593,2502.4328848328
0.0531443351360059,643.3745412401,0.051780294163113,677.566253477738,2499.1340148178
0.0533277091412616,643.776962204623,0.0519543994936034,678.108112796916,2499.01043036243
0.0534871273611841,643.841349558947,0.0521057352611941,678.278573823203,2499.45714332544
0.0536522984500087,644.098898976241,0.052262508075693,678.656285335436,2500.40379034991
0.0538209590233034,644.292061039212,0.0524225675906183,678.968477655443,2496.68994389333
0.0540032352829309,644.807159873801,0.0525955196428571,679.628832640584,2493.02827742582
0.0541783492338377,644.919837743867,0.0527616476012793,679.860529940984,2493.0836964608
0.0543479278807895,645.434936578456,0.0529224980010661,680.512987963364,2488.58951751164
0.0545159165625546,645.837357542979,0.0530818147654584,681.045773039772,2489.740415262
0.0546901891544878,645.837357542979,0.0532470642324094,681.158324790039,2481.92408425268
0.054867241885967,646.352456377567,0.053414921934968,681.816032945224,2481.91920388056
0.055043176192181,646.255875346082,0.053581691391258,681.827851357989,2480.32616316055
0.0552149133765036,646.706586826347,0.05374445554371,682.414434997978,2477.98909585663
0.0553818964041561,646.964136243642,0.0539026885394456,682.794237014291,2481.21438355402
0.055569042500349,647.125104629451,0.0540799982942431,683.085227071648,2477.95527911922
0.0557335900106244,647.430944562488,0.0542358712686568,683.514595386925,2475.01696492655
0.0559095547474142,647.785075011268,0.0544025327025586,684.002450127168,2469.19030981186
0.0560778988634172,648.042624428562,0.0545619504264393,684.383493180451,2469.88531172127
0.0562566724598497,648.557723263151,0.0547312167910448,685.043422672072,2465.41141982196
0.0564402317818462,648.976241066255,0.0549049845682303,685.604610532945,2461.44166983214
0.0566242542422195,649.282080999292,0.0550791604744136,686.047194628713,2456.46817259997
0.0568124373034318,649.42695254652,0.0552572429904051,686.322480571228,2454.87617590729
0.0569814314327519,649.491339900844,0.0554171394989339,686.50028615157,2452.8771881743
0.0571515111455689,649.748889318138,0.0555780373400853,686.883020207825,2447.24824789991
0.0573180418811734,650.054729251175,0.0557355527185501,687.314593447449,2449.98836380481
0.0574908760205426,650.199600798403,0.0558990040245202,687.58014543651,2443.56268242646
0.0576582955453919,650.457150215698,0.056057309195096,687.961400822448,2443.08707015987
0.0578291163891771,650.923958534544,0.0562188046908315,688.566315893142,2434.2239719028
0.0580004765647375,651.068830081772,0.0563807838752665,688.831132502961,2433.30955685208
0.0581737410638783,651.583928916361,0.0565445364605543,689.489003678526,2424.74720721753
0.0583496823756371,651.889768849398,0.0567107914712153,689.927329805688,2422.52033697573
0.0585195062312374,652.211705621016,0.0568712396055437,690.378812592191,2420.39056224456
0.058699360023458,652.259996136759,0.0570411358742004,690.54724047889,2419.33799273987
0.0588756716511005,652.517545554053,0.057207658075693,690.934954312676,2416.97178678961
0.059067250567101,652.919966518576,0.0573885684434968,691.486153781192,2410.22171053251
0.0592267929991572,653.032644388642,0.0575392013859275,691.70967363954,2410.07044680697
0.0594014823982971,653.338484321679,0.0577041094083156,692.147758798243,2406.45522989084
0.0595833885799357,653.483355868907,0.0578758012260128,692.420108592165,2402.19843349935
0.0597634891746517,653.805292640526,0.0580457598081024,692.878978169578,2397.46095237163
0.0599430471873079,654.256004120791,0.0582151776119403,693.474102648383,2394.62919778652
0.0601071136141333,654.465263022342,0.058369953598081,693.80328094333,2391.85503086145
0.060296704982997,654.867683986865,0.0585487793176972,694.354047531119,2387.5456216539
0.0604622540157731,655.125233404159,0.0587049017590619,694.735581678384,2385.31333079836
0.0606475132235313,655.237911274226,0.0588795831556504,694.976461162788,2387.70514271702
0.0608186021996873,655.49546069152,0.0590408763059702,695.361778359018,2384.69539550072
0.0609764813975404,655.801300624557,0.0591896929371002,695.789756432573,2381.69688830667
0.0611513473602703,655.946172171785,0.0593544954157783,696.058164395902,2381.51780892301
0.0613249449334203,656.20372158908,0.0595180756396588,696.445378680636,2377.19686098606
0.0614989852074119,656.316399459146,0.0596820461620469,696.679192000866,2378.56614708082
0.0616712174585854,656.831498293735,0.0598442868070363,697.339096458657,2370.67941622498
0.0618418541848273,657.089047711029,0.0600049985341151,697.724652786022,2372.94416844584
0.0620168297142374,657.233919258258,0.0601697698827292,697.993483311318,2368.14250699955
0.0621956041852381,657.797308608589,0.0603380905916844,698.709409648924,2368.67764504808
0.062370030258998,657.797308608589,0.0605022898720682,698.824146650794,2368.02313753135
0.0625403474604977,658.215826411693,0.0606625951759062,699.380872899479,2366.96148754078
0.0627148324680675,658.215826411693,0.0608267966417911,699.495721692933,2366.80269965583
0.0629009378047436,658.569956860473,0.0610019038646055,699.994624757026,2363.30773437758
0.0630593968982784,658.618247376215,0.0611509744669509,700.150316841961,2363.2454229133
0.06324169726596,659.085055695061,0.0613224462953091,700.766713259847,2359.07460317533
0.0634172647524562,659.246024080871,0.0614875573827292,701.053603727011,2357.24643333861
0.0635897914418537,659.857703946945,0.0616497822228145,701.817917722231,2355.17885783308
0.0637730571453217,659.905994462688,0.0618220760127931,701.990217158097,2353.38051647405
0.0639404455060766,660.066962848497,0.0619794170842217,702.271938516872,2351.81564958015
0.0641271055023669,660.582061683085,0.0621548438432836,702.943277245608,2349.2613730355
0.0642869400652226,660.678642714571,0.0623050350746269,703.151651021135,2348.28955875032
0.0644527841514233,660.887901616123,0.0624608494136461,703.483966887274,2348.22921250442
0.064625700959996,661.081063679093,0.0626232828891258,703.803890810735,2349.76090017155
0.0647938651161213,661.338613096388,0.0627812265458422,704.189297989438,2344.67014258045
0.0649763903432556,661.757130899491,0.0629526302238806,704.75572054925,2345.66078961268
0.0651530275494137,661.9180992853,0.0631184766791045,705.044067443491,2344.35196641728
0.0653367832888414,662.159551864014,0.0632909776119403,705.422927006789,2346.61717430996
0.0654953238135736,662.578069667117,0.0634397838219616,705.973834891738,2340.86861966218
0.0656617846211764,662.578069667117,0.0635960001865671,706.084128172314,2343.19211374139
0.0658419292365844,662.787328568669,0.0637650307302772,706.426524955192,2343.10405031648
0.0660327237502527,663.238040048934,0.0639440229744136,707.033454328145,2338.64432828481
0.0661862594856912,663.189749533192,0.0640880379530917,707.083798384046,2345.36049118533
0.0663599069449414,663.704848367781,0.0642508925373135,707.748240344373,2344.50588126028
0.0665414477461594,663.656557852038,0.0644211215085288,707.817226017745,2344.36431875674
0.0667087636428532,664.123366170884,0.0645779862739872,708.426214834474,2342.6005474224
0.0668851887749187,664.316528233855,0.0647433646321961,708.749464631075,2346.07901567228
0.0670687846022548,664.735046036958,0.0649154356609808,709.318017657181,2342.05973572712
0.0672423814343197,665.040885969996,0.0650781081289979,709.759818893808,2339.86601041091
0.067422240497522,665.137467001481,0.0652466208422175,709.982525265567,2338.88848829456
0.0675722078106689,665.459403773099,0.0653871058102346,710.425964894419,2338.68943213236
0.0677534130676543,665.65256583607,0.065556827238806,710.752799088705,2340.27703778806
0.0679193970515264,665.910115253364,0.0657122667643923,711.138328771885,2336.091993103
0.0680942115189325,666.022793123431,0.0658759496801706,711.375090074808,2338.61142206248
0.0682674316721685,666.215955186401,0.0660381133795309,711.696807385998,2336.39000851204
0.0684403859826503,666.537891958019,0.0662000019722814,712.156002555688,2337.37675508568
0.068619383420105,666.940312922542,0.06636751945629,712.705345973299,2332.5639730264
0.0687894125804525,667.149571824094,0.0665266178571429,713.042398973173,2327.11529318232
0.0689674474726127,667.407121241388,0.0666931801972281,713.436486818451,2324.89268278488
0.0691340873562443,667.664670658683,0.0668490566897654,713.823058324678,2325.02394841073
0.0693061630889515,667.873929560234,0.0670099924307036,714.161709045195,2320.02328220624
0.0694867745754233,668.3246410405,0.0671788834754798,714.764364715682,2323.62960838261
0.0696476144193428,668.276350524757,0.0673292619136461,714.820204111671,2321.12037487163
0.0698228114724049,668.582190457794,0.0674930380063966,715.264478695936,2317.78881676533
0.0699971300329225,668.791449359346,0.0676559662579957,715.604931405059,2323.0948265271
0.0701711064303967,669.145579808126,0.0678185482409382,716.100265506271,2317.74456859011
0.0703515771093433,669.193870323869,0.0679871712420043,716.272714493058,2318.08271567238
0.0705220134706057,669.612388126972,0.0681463925639659,716.834801982547,2313.25484136386
0.0707090268314632,669.773356512781,0.0683210709221748,717.132378749442,2312.88836073252
0.0708901122805408,669.918228060009,0.0684901832889126,717.408806465964,2310.07494527171
0.0710519607229558,670.433326894598,0.068641306369936,718.068929304473,2309.16757885087
0.0712268134076279,670.690876311892,0.0688045462686567,718.462050213158,2309.71057608845
0.071388993833998,670.690876311892,0.0689559317164179,718.570823145441,2310.7416612365
0.0715637589127525,670.900135213444,0.0691190385127932,718.912270744392,2311.66077838051
0.0717374975856377,671.302556177966,0.0692811610074626,719.460121681016,2309.01143672859
0.0718991336149077,671.415234048033,0.0694319664445629,719.689407671937,2312.96419467907
0.0720863627478636,671.511815079518,0.0696066216684435,719.918659370817,2308.52963935387
0.0722671137139577,672.026913914107,0.0697752048507463,720.592359320778,2305.2361176531
0.0724303764092971,672.123494945593,0.0699274526119403,720.805652678034,2302.08385007602
0.072584575685456,672.493722232954,0.0700712271588486,721.306393712365,2304.04572220603
0.0727546950283404,672.686884295924,0.0702298215085288,721.628013412439,2299.50151827521
0.0729411829352404,673.105402099028,0.0704036466151386,722.202506368232,2301.6017184615
0.0731195860189919,673.250273646256,0.0705699075959488,722.478054942443,2301.3578248838
0.0732964081629226,673.620500933617,0.0707346679637527,722.994464116959,2299.8595679316
0.07347283855069,673.620500933617,0.0708990362473347,723.113311243147,2299.43103930814
0.0736526064278593,673.717081965102,0.0710664860607676,723.338101046804,2298.66218810929
0.0738209231076186,673.878050350911,0.0712232439232409,723.624350089778,2297.6961921961
0.0739914279521008,674.280471315434,0.0713820146321962,724.171446228278,2291.26733489711
0.0741661032744325,674.441439701243,0.0715446426705757,724.462133170682,2294.4898570357
0.074341278576612,674.908248020089,0.0717077096481876,725.081790099803,2288.68712588855
0.0745097776792374,675.053119567317,0.0718645368070362,725.351177427953,2289.4776176705
0.0746892773862324,675.310668984611,0.0720315755063966,725.749134862285,2289.32565804486
0.0748625459865635,675.8257678192,0.0721927892057569,726.41980544147,2283.64000051215
0.075042775666389,675.922348850686,0.0723604521055437,726.645438043386,2287.2036726654
0.0751957387169209,675.986736205009,0.072502727531983,726.818058196785,2287.29201902754
0.0753729374936116,676.131607752238,0.0726675200159915,727.093633160802,2283.70384418999
0.0755576339514579,676.389157169532,0.0728392563432835,727.495521515683,2280.40239960348
0.0757266937652761,676.598416071084,0.0729964273987207,727.834977126969,2278.1947507481
0.0758947638157084,676.855965488378,0.0731526538113007,728.225789126372,2278.95911902964
0.0760598429374761,677.06522438993,0.0733060763059701,728.562699015455,2274.29798491633
0.0762350786364545,677.515935870195,0.073468912446695,729.16641651871,2270.48876000595
0.076399079897993,677.77348528749,0.0736212850746269,729.55475594271,2270.70068640673
0.0765938954350556,677.886163157556,0.0738022569029851,729.808105055317,2267.72013421112
0.0767631315341271,678.336874637821,0.0739594404051173,730.408137370093,2268.34550605261
0.0769297336541082,678.240293606336,0.0741141533848614,730.417138746955,2268.52897920744
0.077103996044551,678.385165153564,0.0742759543710022,730.691372244246,2266.71048234706
0.0772771933340133,678.594424055115,0.0744367404850746,731.034296558206,2264.49191972565
0.0774402468955684,679.012941858219,0.0745880861407249,731.595871721006,2262.56353069077
0.0776199580663828,679.012941858219,0.0747548667910447,731.717897931785,2260.9423444085
0.0777995592015046,679.528040692808,0.0749215175373135,732.39502272377,2257.79751034884
0.0779720634775629,679.785590110102,0.0750815570095949,732.7898752933,2254.69643577697
0.0781389188837549,680.09143004314,0.0752363314232408,733.233039128817,2251.3606288537
0.0783099379221641,680.139720558882,0.0753949431503198,733.401419854246,2250.86031408827
0.078475906443964,680.445560491919,0.0755488467217484,733.844142637294,2251.13007937587
0.078646297308012,680.654819393471,0.0757068265191898,734.185800683621,2247.14812665834
0.0788236771056692,680.606528877728,0.0758712596748401,734.254438145997,2248.74998335669
0.0789997496882648,681.057240357994,0.0760344542910448,734.860591869656,2246.93042699396
0.0791704481810032,681.121627712317,0.076192642457356,735.046332244076,2244.87565687384
0.0793497080443488,681.475758161097,0.0763587376066098,735.550660610481,2241.01462593569
0.079512134807785,681.733307578392,0.0765092120469083,735.939378233522,2241.53892563009
0.0796804541708069,681.87817912562,0.0766651215884861,736.210542127512,2239.83712165368
0.0798503427948625,682.441568475951,0.0768224600479744,736.93476165622,2240.62312307227
0.0800251959734928,682.554246346018,0.0769843704690832,737.175783672397,2242.08615563602
0.0802076965587106,682.60253686176,0.0771533342750533,737.352514008574,2240.98130664406
0.080378797214917,682.811795763312,0.077311717803838,737.695386630925,2243.31701311219
0.0805543458479578,682.908376794798,0.0774741926439232,737.919614361593,2237.88697633216
0.0807267632001354,683.214216727834,0.0776337437100213,738.367889016588,2247.45600670406
0.0808974899194892,683.423475629386,0.0777917052238805,738.710719359857,2248.79084193889
0.0810771356626023,683.423475629386,0.0779578919509595,738.833493477997,2246.37712783871
0.0812534582769289,683.938574463975,0.0781209776652453,739.510948888166,2241.5912984383
0.081424684427774,684.035155495461,0.0782793240671642,739.732502169182,2249.26667418615
0.081607984439235,684.55025433005,0.0784488083422175,740.415020833291,2241.38007842505
0.0817653326864218,684.759513231601,0.0785942739872069,740.749102641175,2244.04665839667
0.0819439083326998,685.017062648896,0.0787593383528786,741.150038036932,2244.94958406294
0.0821001573895563,684.968772133153,0.07890374304371,741.204816132216,2246.83423993054
0.0822728695976609,685.113643680381,0.0790633386460554,741.479909146476,2245.47361112398
0.0824471655330052,685.371193097675,0.0792243718816632,741.878105306553,2245.86037614522
0.0826230357661712,685.677033030713,0.0793868333422175,742.329751054851,2251.9308406217
0.0827981994135936,685.789710900779,0.079548615858209,742.571864139732,2241.49171940067
0.0829613250325281,686.095550833816,0.0796992564232409,743.014946829912,2242.36620059069
0.083132584400947,686.353100251111,0.0798573837953091,743.411407286588,2236.76081313606
0.0833274029394639,686.755521215633,0.0800372334488273,743.98107525287,2238.32052091584
0.0834983069567605,686.964780117185,0.080194979424307,744.325176195893,2233.07838075728
0.083663016039965,687.22232953448,0.0803469838752665,744.717422313345,2231.08856460536
0.0838361620205796,687.270620050222,0.0805067495469084,744.888751104737,2230.88644747074
0.0840121538341003,687.383297920288,0.080669114978678,745.131849288159,2230.17374286573
0.0841611740278443,687.431588436031,0.0808065764925373,745.286637982633,2227.41842089792
0.08436081210882,687.834009400554,0.0809907001332622,745.86024502965,2222.71125330871
0.0845328631254336,688.043268302105,0.0811493533848614,746.205535725863,2223.10215287047
0.0846862880874484,688.349108235143,0.0812908097814499,746.642839119882,2216.43224613595
0.0848532305391054,688.815916553989,0.0814447064498934,747.26417232035,2216.54543785242
0.0850327830543733,688.912497585474,0.0816102013326226,747.492644536106,2212.5540241692
0.0852054961922566,689.121756487026,0.0817693664712154,747.838717685382,2211.02269926613
0.0853881707977966,689.073465971283,0.0819376841151386,747.912188775869,2206.09458970865
0.0855610931553059,689.685145837357,0.0820969898720683,748.695360848178,2208.51880903647
0.0857316958886423,689.846114223166,0.0822541337953091,748.987791497708,2206.78116867105
0.0858936031430977,689.797823707424,0.0824032453891258,749.047044225922,2210.52713856135
0.0860693304291174,689.797823707424,0.0825650596481877,749.168260525384,2208.20612517747
0.0862408748186918,690.361213057756,0.082722996934968,749.89856801275,2207.60691661044
0.0864235476887547,690.200244671946,0.0828911525586354,749.849798432143,2207.13955575027
0.0865942018322647,690.61876247505,0.0830482190565032,750.422342981963,2210.203224144
0.0867631443360508,690.924602408087,0.0832036859008528,750.871393412148,2207.81032212679
0.0869425495882381,691.133861309639,0.0833687544776119,751.222801318662,2204.61590694051
0.0871099596853138,691.32702337261,0.0835227618869937,751.548492507966,2207.59733240446
0.0872805024257968,691.584572789904,0.0836796267590618,751.946421772937,2208.34082475623
0.0874441414418876,692.05138110875,0.0838301184701492,752.567219963477,2209.35286194561
0.0876104874688755,691.745541175713,0.0839830764925373,752.349705242538,2210.67968014355
0.0877843458990801,692.05138110875,0.0841429172974413,752.802658927937,2213.30934979353
0.0879697590881119,692.147962140236,0.0843133530916845,753.03605162304,2214.32743044897
0.0881270297554471,692.663060974824,0.0844578969083155,753.705399159852,2208.39001913338
0.0882920833015413,692.614770459082,0.0846095713219617,753.767171468333,2209.01872107136
0.0884683482175783,693.129869293671,0.0847715229211087,754.449923930348,2206.24112885739
0.0886521990842888,693.387418710965,0.0849404165245203,754.857738197071,2203.50151342045
0.0888440825284451,693.596677612517,0.0851166587953091,755.218638079779,2203.71191306207
0.0889777764988848,693.741549159745,0.0852394364872068,755.469129668871,2203.682069924
0.0891555375168711,693.741549159745,0.0854026597547974,755.592449872869,2206.96249389842
0.0893309149077712,694.256647994334,0.0855636682302772,756.27522954047,2200.29968506622
0.0895063701351217,694.160066962848,0.0857247222281449,756.291814849446,2205.93271736871
0.0896765176505763,694.417616380143,0.0858808793976546,756.690570012328,2204.79573893689
0.0898414196753343,694.72345631318,0.0860321991204691,757.138397910112,2206.95474737643
0.090023930034238,694.868327860408,0.0861996501599147,757.423105590721,2200.08256878936
0.090185503513041,695.029296246217,0.0863478684701492,757.710863284497,2204.90471101017
0.0903491380793784,695.447814049321,0.0864979551172708,758.280924627865,2199.81831725311
0.0905140094148784,695.544395080806,0.086649153358209,758.500907005616,2201.43267735631
0.0906987771474952,695.850235013843,0.0868185707889126,758.963000407396,2200.53485496101
0.0909074155667766,695.898525529586,0.0870098412579957,759.160861982211,2204.5407747235
0.0910710269921113,696.107784431138,0.0871598073827292,759.503035256485,2202.97853884314
0.0912228112574196,696.317043332689,0.0872989126332622,759.837041551952,2199.40705591677
0.0913859628917959,696.622883265727,0.0874484141257995,760.284436225424,2209.15476494691
0.0915737140051962,696.719464297212,0.0876204293176972,760.520653262618,2208.54710184594
0.0917421430902268,696.719464297212,0.0877747167377399,760.638001084513,2208.55677839997
0.0919084561934682,697.234563131801,0.0879270424840086,761.316315433972,2201.5897427573
0.09208989302009,697.443822033353,0.0880931935501066,761.671348991927,2204.84881646708
0.0922550182007429,697.701371450647,0.0882443832089552,762.06782417251,2201.64478724831
0.0924261209482427,697.846242997875,0.0884010218550106,762.345464256474,2200.85162442468
0.0926009057264598,698.168179769493,0.0885610059434968,762.819185565542,2204.7303454369
0.0927727596203447,698.361341832464,0.0887182823827291,763.150250726429,2205.64190209159
0.0929467454849215,698.313051316721,0.0888774847547974,763.218976766256,2207.81000556614
0.0931121284127143,698.618891249758,0.089028791684435,763.668783163354,2201.22619302316
0.0932897059064439,698.779859635568,0.0891912297974414,763.968827234316,2203.75929177212
0.09347056855291,699.037409052862,0.0893566458688699,764.376833116786,2201.46505688631
0.0936257026953919,699.18228060009,0.0894985089818763,764.64371293344,2200.57219046229
0.0937920510929431,699.439830017385,0.0896506046641791,765.041726290814,2197.71437404574
0.0939645300138574,699.745669950422,0.0898082811833689,765.496942956545,2196.20246752726
0.09415362199955,699.858347820488,0.0899811164445629,765.752546154408,2190.75462158327
0.0943248254665827,700.42173717082,0.0901375753464819,766.488895282458,2196.13135850143
0.0944750592184318,700.325156139334,0.0902748503464819,766.488416737755,2193.39601001903
0.0946572545683499,700.582705556629,0.0904413047441365,766.897941062686,2196.24310211955
0.0948142679199591,700.582705556629,0.09058473054371,767.007941901364,2194.62900007806
0.0949977147492693,700.888545489666,0.0907522762793177,767.471355605123,2186.52041255755
0.0951684371789336,700.936836005409,0.0909081753464819,767.64389924919,2188.08135989445
0.0953396232233563,701.339256969931,0.0910644733742004,768.204677481193,2191.00941353747
0.0955116318482512,701.451934839998,0.0912214978411515,768.448753799679,2185.13623882052
0.09568871421192,701.902646320263,0.0913831283049041,769.066808048593,2180.04797152512
0.0958572081416174,701.967033674586,0.0915368954957356,769.255633730085,2184.6401737175
0.0960324166514603,702.063614706072,0.0916967653251599,769.484480269355,2180.32810513053
0.0962086228742067,702.530423024918,0.091857519749467,770.119907551379,2184.22984846057
0.0963855891863206,702.723585087889,0.0920189416044776,770.456011871708,2184.94948733927
0.0965526088707307,702.787972442212,0.0921712666311301,770.643984664479,2184.95340676762
0.0967145415194848,702.723585087889,0.0923189300373134,770.687174434592,2183.25290637388
0.0968778736801212,702.981134505183,0.0924678475479744,771.084452053285,2180.13976169112
0.0970735371897673,703.238683922478,0.092646213859275,771.504550459509,2181.38071391774
0.0972259860026872,703.399652308287,0.0927851637260129,771.788377057907,2178.18421580254
0.0973988940156976,703.866460627133,0.0929427378198295,772.422275426959,2179.22765318486
0.0975857600732053,704.124010044427,0.0931130042110874,772.836486750406,2178.14980390905
0.097751601105601,704.317172107398,0.0932640889925373,773.165303367065,2175.14120996132
0.0979275716238659,704.317172107398,0.0934243769989339,773.289242424864,2174.79301060919
0.0980991858176912,704.52643100895,0.0935806721748401,773.639900277971,2170.79952753272
0.098256830089998,704.687399394759,0.0937242229211088,773.927749463652,2173.52438936361
0.0984327326702559,704.993239327796,0.0938843753464819,774.387650388887,2170.7248165533
0.0986185168342368,705.041529843539,0.0940534967217485,774.57167982325,2171.60975340973
0.098798492754155,705.25078874509,0.0942173035181237,774.928503686784,2166.14511361308
0.0989517687306185,705.347369776576,0.0943567879530917,775.142739585458,2165.80826021941
0.0990905503514747,705.910759126907,0.0944830654317697,775.85984474782,2161.0643897613
0.0992900355770612,706.071727512717,0.0946645492270789,776.177614457411,2160.56052688893
0.0994616608339773,706.377567445754,0.0948206607675906,776.635053479773,2154.13091330196
0.0996424368319928,706.538535831563,0.0949850695362473,776.939757257528,2156.00158913632
0.0998141173709208,706.280986414268,0.0951411813166311,776.777799689072,2154.61804013909
0.0999861688986794,706.779988410276,0.0952976059968017,777.448211705673,2152.45567129727
0.100174347712428,707.150215697637,0.0954686651652452,777.98852728985,2152.17511294132
0.100361177811419,706.892666280342,0.0956384693763326,777.837246854492,2149.82277003659
0.100523802621875,707.101925181894,0.0957862506663113,778.182499542427,2152.0520150719
0.100679206938083,707.665314532226,0.0959274501066098,778.91249717692,2149.11320088727
0.10083166012783,707.617024016483,0.0960659488006396,778.96722328278,2148.06568613858
0.10099533313073,708.067735496748,0.0962146189765458,779.579272322364,2144.57063334321
0.101165074034652,708.373575429786,0.0963687775053305,780.036240632331,2146.45128402386
0.101361172189752,708.534543815595,0.0965468440831556,780.352435713674,2145.26386072257
0.101548992327537,708.437962784109,0.0967173640991471,780.379124031409,2149.80726115518
0.101698098865225,708.534543815595,0.0968527157249467,780.59115990198,2151.81278972777
0.101831770407662,708.792093232889,0.0969740406449894,780.969646937746,2151.90644407113
0.102030404998395,708.888674264374,0.0971543010927505,781.216872798344,2158.61231014327
0.102196181607395,709.194514197412,0.0973047181236674,781.671485565299,2155.45463649219
0.102394577000915,709.452063614706,0.097484701998934,782.09610757096,2156.11711941518
0.102558558607208,709.564741484772,0.0976334413113007,782.336678609947,2158.47341078014
0.102746610891501,709.757903547743,0.0978039866737739,782.683122690731,2160.20942715508
0.102909200997495,710.015452965038,0.0979514168443497,783.082575925544,2156.3288926614
0.103087127359553,710.273002382332,0.0981127284115139,783.493005838971,2158.1922269919
0.103276475107729,710.433970768141,0.0982843662579958,783.805087065862,2159.01544449499
0.103411951691094,710.643229669693,0.0984071534914712,784.132233005898,2160.21818894862
0.103547096728169,710.643229669693,0.0985296252132196,784.228272911519,2164.82566957979
0.103730391532971,710.900779086987,0.0986957074626865,784.642795242775,2160.36354161231
0.103895561169882,711.093941149958,0.0988453429904052,784.973445210236,2159.43583525059
0.104063630676041,711.351490567253,0.0989975826759061,785.377309362494,2162.70642756436
0.1042530672566,711.464168437319,0.0991691491737739,785.636490240075,2159.65282800889
0.104408443326536,711.818298886099,0.0993098462153518,786.138139404139,2148.40275106257
0.104579189857188,711.979267271908,0.0994644387793178,786.437482238318,2152.61265779951
0.104756074084211,712.333397720688,0.0996245631663113,786.954647904974,2146.71905284264
0.104930670285224,712.542656622239,0.0997825911780384,787.310235188425,2148.10748631225
0.105115875896259,712.542656622239,0.0999501945362474,787.442202086533,2145.69236776783
0.105301381216953,712.800206039534,0.100118040964819,787.859052267225,2149.01999911218
0.10545819315675,712.896787071019,0.100259903464819,788.077594142781,2147.45766207008
0.105651916132773,713.106045972571,0.100435130357143,788.447066135438,2144.78298191038
0.105803631560972,713.057755456828,0.10057233901919,788.501855496876,2147.50302126685
0.105979290776696,713.572854291417,0.100731178491471,789.196799306724,2141.4475366918
0.106148878730183,713.62114480716,0.100884504104478,789.371229166589,2141.81785675768
0.106328137191077,714.023565771683,0.101046547334755,789.944361430716,2143.77736910635
0.106496260269403,714.071856287425,0.101198500719616,790.117838545666,2142.84224840397
0.106667789684785,714.184534157491,0.101353509035181,790.365019843129,2144.15091946544
0.106844576993985,714.69963299208,0.101513243683369,791.061412956875,2143.8132645034
0.107012272283648,714.586955122014,0.101664739738806,791.056528933874,2151.02371288621
0.107169214877615,714.586955122014,0.101806501012793,791.168678064226,2148.75644798222
0.107346451265881,714.892795055051,0.101966568869936,791.633999639757,2150.92471914993
0.107525834816801,715.102053956603,0.102128549813433,791.993999287495,2148.61360775068
0.107687673580358,715.263022342412,0.102274665538379,792.288033216522,2152.11758542067
0.107858222311326,715.472281243964,0.102428621934968,792.641849611966,2151.18283635871
0.108040881584861,715.778121177001,0.102593484381663,793.111420408119,2153.01631116891
0.108192606394099,715.971283239972,0.102730405703625,793.434082477032,2147.45285715563
0.108362333505549,716.180542141523,0.102883550666311,793.787536899248,2148.55555196108
0.108549321228891,716.389801043075,0.103052242750533,794.153427681601,2146.86409564908
0.108693810193869,716.64735046037,0.103182574840085,794.542481547248,2149.67348486874
0.108886392849071,716.808318846179,0.103356262046908,794.858991049546,2153.48686451088
0.109066551781092,716.953190393407,0.103518717190832,795.148802658068,2152.62205811076
0.109241411295318,716.808318846179,0.103676368443497,795.11347122516,2151.03738644876
0.109398643305896,717.259030326444,0.103818105730277,795.726195143059,2149.23053986372
0.109571421972553,717.37170819651,0.103973834434968,795.975146346481,2149.0808033383
0.109747959867735,717.822419676775,0.104132926359275,796.601965783623,2147.18371542721
0.109943110467976,717.870710192518,0.104308762180171,796.795648984938,2147.89639398728
0.110107341392078,718.128259609813,0.104456714605544,797.199453053969,2141.07194761274
0.110274832417667,718.240937479879,0.104607581449893,797.444836495981,2142.01777435839
0.110435843115406,718.385809027107,0.104752589712153,797.721351529158,2142.08525823892
0.11061453768789,718.707745798725,0.104913499680171,798.207270832957,2140.38211123014
0.110788356602636,718.595067928659,0.105069994402985,798.207034567234,2141.49253203333
0.11095493467751,718.852617345953,0.105219946988273,798.612862546331,2144.366166908
0.11112059310248,719.110166763248,0.105369049413646,799.018115000003,2139.05132459206
0.11128786606295,719.206747794733,0.105519582462687,799.245732014884,2134.49205146508
0.111468830122424,719.528684566351,0.105682410954158,799.733705274489,2137.2949689859
0.111629855642015,719.673556113579,0.105827276785714,800.010611291914,2131.32341351543
0.111809931449229,720.236945463911,0.105989256263326,800.766588963433,2127.00377021331
0.111979512433961,720.188654948168,0.106141771588486,800.835029389734,2128.71216329468
0.112168192538536,720.349623333977,0.106311436673774,801.149938579165,2127.53294758789
0.112316754961185,720.349623333977,0.10644500684968,801.256955464361,2126.69646688869
0.112497699529517,720.7520442985,0.106607667217484,801.834991213278,2125.41869769926
0.112668605556334,720.864722168566,0.10676127913113,802.083545210052,2126.43697714595
0.11283924797218,721.057884231537,0.106914630570362,802.421513632635,2121.54604992532
0.113032114445332,721.009593715794,0.107087925826226,802.50683262886,2126.47955389647
0.113159219052981,721.218852617346,0.107202116018124,802.831414745811,2118.00907366085
0.11333430558992,721.428111518898,0.107359391604478,803.19066557094,2120.42048893663
0.113477261580512,721.782241967677,0.107487786833689,803.688114243612,2115.30853729463
0.113674532826406,722.088081900715,0.107664937979744,804.171107270294,2118.5205042751
0.113848948419267,722.249050286524,0.107821538432836,804.476345158459,2114.49342742652
0.114037588714105,722.297340802266,0.10799088304904,804.666387881967,2121.26598758234
0.114200875715106,722.393921833752,0.1081374445629,804.891940318436,2122.20530245175
0.114383724903863,722.506599703818,0.10830153901919,805.149595845565,2115.57297242389
0.114538906097202,722.860730152598,0.108440782249467,805.656407444901,2124.35663286113
0.11469515867969,723.005601699826,0.108580967244136,805.930843913092,2116.8116177322
0.114880587864999,722.957311184083,0.108747303091684,806.01107209421,2116.16351215846
0.115066293555696,723.214860601378,0.108913859248401,806.432514055177,2116.04064453516
0.115245961821877,723.472410018672,0.109074974147122,806.849683762866,2114.12683419892
0.115402005724107,723.842637306033,0.109214883182303,807.375529479777,2115.23236343784
0.11557318172487,723.939218337518,0.109368337153518,807.6071771762,2112.5344827868
0.11574670068389,724.293348786298,0.109523867484009,808.127914235598,2113.35236371235
0.115913106490772,724.293348786298,0.109672999360341,808.248440854722,2114.41696375482
0.116074794174661,724.293348786298,0.109817881583156,808.365550168744,2113.74916230934
0.116276831724118,724.808447620887,0.109998890298507,809.08687751712,2111.65670264009
0.116449689238453,724.711866589402,0.110153730143923,809.104338241157,2112.1879264751
0.116605695415329,724.808447620887,0.110293454557569,809.325240698626,2109.87523937806
0.116759610654242,725.226965423991,0.110431287126866,809.904183542853,2113.14169265001
0.116928233636491,725.420127486961,0.110582268816631,810.24222163837,2111.19601304577
0.11711593904562,725.629386388513,0.110750309728145,810.612153374501,2111.19865818199
0.117287487214456,725.838645290065,0.110903861380597,810.970436119282,2107.22199096938
0.117444133711178,726.047904191617,0.111044054051173,811.317971332218,2112.25004614385
0.117608439770494,725.886935805808,0.111191080623667,811.257365775714,2110.54580055386
0.117787267345536,726.241066254588,0.111351076972281,811.783016882824,2112.70178313786
0.117960534582078,726.144485223102,0.111506074093817,811.800876883847,2114.89820933334
0.118127625166955,726.498615671882,0.111655523107676,812.318171828282,2113.59656307767
0.118294078362305,726.563003026206,0.111804379824094,812.511103841339,2114.92315839687
0.11846537848652,726.868842959243,0.111957547947761,812.977635550468,2113.24325729073
0.118624370487888,726.868842959243,0.112099689765458,813.093201882542,2117.0981095034
0.11879676745364,727.480522825317,0.11225379304371,813.902857322449,2112.46106036006
0.118985704137011,727.689781726869,0.112422653678038,814.274462798948,2110.83907738089
0.119174212559025,727.52881334106,0.112591103144989,814.231486784983,2108.76072025097
0.119346478001954,728.092202691391,0.112745013219616,814.987442743294,2109.23656397718
0.119503691170453,727.834653274097,0.112885454211087,814.813580902118,2110.97829383019
0.119671719650895,728.092202691391,0.11303553488806,815.224248651878,2109.92389127717
0.119832216338415,728.2531710772,0.113178867244137,815.52136262286,2111.08327403087
0.120045699298912,728.510720494495,0.113369487420043,815.965299383011,2104.7874602129
0.120193175650855,728.768269911789,0.11350114869403,816.361242586066,2107.9502508014
0.120345003104752,729.025819329084,0.113636676359275,816.760433819687,2107.76552959454
0.120514279179393,729.074109844826,0.113787757755864,816.937950661133,2100.00869558968
0.120694701818274,729.331659262121,0.1139487625,817.35812640339,2098.94448584915
0.120856903616711,729.379949777864,0.114093485287847,817.530552068129,2098.85180630826
0.121047661790464,729.637499195158,0.114263660394456,817.958412427374,2098.50591703509
0.121209432332655,729.798467580967,0.114407952985075,818.256925553698,2098.4281151345
0.121378762115813,729.84675809671,0.114558965804904,818.434654128728,2104.35447492536
0.12156247185514,730.104307514004,0.114722777265458,818.857591847492,2101.54016475746
0.121739628028422,730.249179061232,0.114880719589552,819.149442488207,2103.55098329453
0.121912673509061,730.458437962784,0.115034972974414,819.510579022079,2099.8587343179
0.12207919893749,730.506728478527,0.115183391897655,819.686404709632,2103.72497881273
0.122240805948603,731.021827313116,0.115327406130064,820.382524649891,2101.55088497645
0.122416434194456,730.973536797373,0.115483891711088,820.456710662617,2103.01206456011
0.122574929178335,731.118408344601,0.115625090458422,820.735195468418,2096.05703424389
0.122768007874692,731.375957761896,0.115797071934968,821.165527103769,2102.04856132184
0.122920121762515,731.375957761896,0.115932543896589,821.276779544163,2103.40053486887
0.123116718857246,731.794475564999,0.116107605223881,821.89061027442,2104.08613607956
0.123278603551691,731.794475564999,0.116251733635394,822.009076599494,2110.70718179313
0.123447961015369,732.052024982293,0.1164024929371,822.422354823529,2108.12080277428
0.123611065309716,732.003734466551,0.116547664285714,822.487495894651,2109.58116439236
0.123778408702939,732.196896529522,0.116696586753731,822.827063239177,2106.97549630509
0.123951598486275,732.454445946816,0.11685068869936,823.243345340303,2106.72088502902
0.124126954934309,732.663704848368,0.117006694323028,823.607019522085,2100.00318575934
0.124304205827644,733.130513167214,0.117164360607676,824.261719374478,2105.39074658429
0.124474781317459,733.130513167214,0.117316065591684,824.386773470859,2101.38452945733
0.124644960285009,733.339772068766,0.117467394989339,824.746878833694,2101.68685432849
0.124800342157906,733.388062584508,0.117605546268657,824.915143729578,2101.83675463063
0.124969335687616,733.645612001803,0.117755778118337,825.328816763803,2099.00870728729
0.125080723540155,733.790483549031,0.117854787340085,825.573528158224,2100.75012027017
0.125316443855712,733.790483549031,0.118064279530917,825.746497482559,2095.45968050423
0.125498355823235,733.999742450583,0.118225920522388,826.115503302809,2091.23548656527
0.125634846492992,734.209001352134,0.118347184488273,826.451236530783,2090.74813160772
0.125848875703379,734.466550769429,0.118537307302772,826.8983404255,2089.8847736457
0.12601319138333,734.675809670981,0.118683244909382,827.254653079753,2082.68401683237
0.126171595876802,734.981649604018,0.118823912313433,827.715457274722,2085.64671257777
0.12634697774104,735.078230635503,0.118979632995736,827.95314347953,2081.97894218285
0.126487049437762,735.126521151246,0.119103984541578,828.110505775114,2084.27118938479
0.126713927618372,735.239199021312,0.119305367537313,828.404245668289,2082.47506933325
0.126874862207743,735.545038954349,0.119448192697228,828.867214419271,2078.57088587081
0.12702714626772,735.593329470092,0.11958332196162,829.033650926249,2084.00706964316
0.1271929870557,735.689910501578,0.119730460021322,829.264507765013,2076.94055838753
0.127364342425833,735.689910501578,0.119882468017058,829.390572181931,2079.39317038562
0.127499480405057,736.156718820424,0.120002331556503,830.016317966719,2073.07833211094
0.127729622266561,736.156718820424,0.120206427771855,830.185738444348,2072.80040193643
0.127896786306545,736.62352713927,0.12035464738806,830.835308978175,2073.91240864182
0.128056439791405,736.832786040822,0.120496187100213,831.188969342792,2070.53105247779
0.128238568862227,736.881076556564,0.12065762793177,831.377651235835,2072.31063830624
0.128420637413708,737.138625973859,0.120818989072495,831.802438183686,2072.63644349202
0.128571709124013,737.138625973859,0.120952859008529,831.913798976644,2072.4421897903
0.128695792959425,737.331788036829,0.121062800639659,832.22328717242,2070.62956753859
0.128936298469113,737.235207005344,0.121275860607676,832.291585697723,2071.13624240633
0.12907208770301,737.70201532419,0.121396134061834,832.918754544801,2072.08808205837
0.129267452129804,737.750305839933,0.121569150053305,833.117408183845,2071.22871164974
0.129446775497417,737.959564741485,0.121727933635395,833.486050844747,2067.7033535785
0.129551507040851,738.217114158779,0.121820657515991,833.854253821397,2068.69608096226
0.129754941568528,738.313695190265,0.122000743336887,834.113545568921,2069.76353719223
0.129893606118031,738.571244607559,0.122123474413646,834.506926944717,2066.05314637704
0.130137266900292,738.619535123302,0.122339100479744,834.741462703412,2071.10231279371
0.130303373440518,738.619535123302,0.122486068763326,834.864152238935,2070.79874295366
0.130416974637913,738.877084540596,0.122586568763326,835.239198535662,2073.1190852449
0.130637810146581,739.086343442148,0.122781907249467,835.638964858674,2068.7237443124
0.130769826447144,739.134633957891,0.122898663113006,835.791141761637,2070.6044330232
0.130988168678508,739.488764406671,0.123091736140725,836.353043414633,2066.88272088692
0.131111174249041,739.488764406671,0.123200489605544,836.444004652002,2069.88052897745
0.131322114193898,740.003863241259,0.123386961353945,837.182735073754,2060.57597034487
0.131428079291967,739.955572725517,0.123480621801706,837.206512410219,2067.0945491205
0.131594731439897,740.116541111326,0.123627904584222,837.511978573096,2059.58466582188
0.13183771380761,740.631639945914,0.123842607142857,838.274822129965,2060.65593556777
0.131946652999992,740.37409052862,0.123938852345416,838.063973741785,2063.07176397259
0.132131853655931,740.631639945914,0.124102451492537,838.492671408201,2058.57179745056
0.132317033610465,740.518962075848,0.124266005597015,838.502234470025,2063.89187792976
0.132469911558002,740.824802008885,0.124401009861407,838.961798010976,2057.25733725789
0.13264070947115,741.146738780503,0.124551817430704,839.452968034579,2062.14800879043
0.132844490226598,741.339900843474,0.124731717750533,839.822822055662,2057.64231924889
0.133039281345189,741.500869229283,0.124903651652452,840.14961198838,2058.04098628569
0.133213000273243,741.710128130835,0.12505696108742,840.515559632195,2057.59568249485
0.133318668552975,741.710128130835,0.125150203358209,840.593934865494,2058.11632668903
0.13356917234618,741.903290193806,0.125371214552239,840.9986986259,2055.8890519907
0.133738275894479,742.112549095358,0.125520381396588,841.361401931027,2055.88136600512
0.13390030447283,742.1608396111,0.125663286513859,841.536402002838,2060.67716963487
0.134065247586635,742.321807996909,0.125808741204691,841.841364974974,2059.05565183989
0.13420494812307,742.321807996909,0.12593191924307,841.945067729758,2055.69726088186
0.134325777010403,742.579357414204,0.126038445362473,842.326906590753,2054.52589735899
0.134523544236132,742.885197347241,0.126212777985075,842.82074705495,2054.40488468823
0.134707634707911,742.933487862984,0.126375027185501,843.012300758305,2047.81004360765
0.134911606150724,743.40029618183,0.126554767857143,843.693624152644,2047.93224009229
0.135107922303383,743.496877213315,0.126727732142857,843.94919553266,2045.13968436992
0.135231316935197,743.706136114867,0.126836433635394,844.278496314467,2044.73442318776
0.135390270128853,743.706136114867,0.126976442164179,844.396710779944,2041.22278205877
0.13557546157329,743.963685532161,0.127139537046908,844.82690559195,2035.41557016822
0.135764704405103,743.915395016419,0.127306172441365,844.912848723228,2039.94644467407
0.135907261810824,744.221234949456,0.127431681236674,845.366305172907,2033.86383969578
0.136087779446306,744.12465391797,0.127590587953092,845.390925700918,2035.70184338946
0.13620789679895,744.575365398236,0.12769631130064,845.992409927439,2028.44383551825
0.136436063710093,744.575365398236,0.12789710554371,846.162297388675,2026.0991401491
0.136615890471861,744.881205331273,0.128055330490405,846.643814493358,2025.74572034229
0.136821363572781,745.138754748568,0.128236090351812,847.08965522419,2025.11512817779
0.136952861899296,745.042173717082,0.128351755597015,847.077831643309,2024.56092018187
0.137114515845343,745.444594681604,0.128493927238806,847.655869370901,2027.69367612806
0.13730037833861,745.251432618634,0.128657364872068,847.574736274563,2029.39936157853
0.137535704128136,745.605563067413,0.128864259594883,848.152949185745,2024.71626563879
0.137592862488717,745.653853583156,0.128914505863539,848.250501723405,2025.49290459854
0.137831010278902,745.814821968965,0.129123827558635,848.611232361927,2024.49686384681
0.137950533088085,745.959693516193,0.129228866471215,848.865230898977,2026.32928859771
0.1381324574529,746.281630287811,0.129388723880597,849.367345831423,2022.95331450994
0.138365848281315,746.281630287811,0.129593767590618,849.541521119347,2020.46113211725
0.13849079352018,746.523082866525,0.129703519989339,849.909656993841,2019.33539971525
0.138740645926688,746.941600669628,0.129922955223881,850.572760816047,2018.02065210559
0.138883501888209,746.893310153886,0.130048398187633,850.624468604933,2021.85108811187
0.13901560364405,746.989891185371,0.130164383795309,850.833141824509,2021.0734150591
0.139238266526519,747.199150086923,0.130359851812367,851.237864495115,2024.26650815947
0.139362960731535,747.344021634151,0.130469299840085,851.496097174099,2019.98592497229
0.139528091958726,747.295731118408,0.13061422228145,851.564478610261,2025.72681756966
0.139730993096339,747.553280535703,0.130792263592751,852.009642817382,2020.59111333214
0.139820305393669,747.810829952997,0.130870623134328,852.369968573719,2021.95055702888
0.140099628397508,748.020088854549,0.131115651918977,852.817425336942,2013.97319504449
0.140207386274541,748.020088854549,0.131210163646055,852.898030393695,2016.10447790789
0.140426107657334,748.181057240358,0.131401971215352,853.245210931571,2011.89321999409
0.140530108196365,748.422509819071,0.131493161513859,853.598406100541,2009.75137925258
0.140736865343663,748.422509819071,0.131674426705757,853.753147803644,2011.90244747899
0.140936821628912,748.680059236366,0.131849698294243,854.196647202085,2009.35207173248
0.141017737657518,748.583478204881,0.131920616471215,854.147026749128,2008.90688213763
0.141274269224528,748.93760865366,0.132145418176972,854.743222010972,2005.68469552059
0.141410814493766,749.146867555212,0.132265053837953,855.084336271648,2003.60568220305
0.141610066175039,749.356126456764,0.132439604744136,855.472497112977,1998.03894119166
0.141772153449183,749.565385358316,0.132581575959488,855.832884191531,1993.885212018
0.141882444166898,749.82293477561,0.132678167377399,856.20964545397,1989.32142918944
0.142089648890441,750.080484192904,0.132859609808102,856.659156831446,1991.38275110518
0.142279365675781,749.967806322838,0.133025709754797,856.672750083708,1991.62651533498
0.142479747940118,750.128774708647,0.133201117537313,857.006933451765,1991.39462998469
0.142589617022792,750.17706522439,0.133297280117271,857.144525654017,1989.89190833888
0.142845454178809,750.434614641684,0.133521164978678,857.630788001675,1992.78247661071
0.142968868047645,750.434614641684,0.13362914738806,857.723402040777,1994.55165380063
0.143219429896955,750.579486188912,0.133848343550107,858.077052293238,1996.28993298231
0.143383415338329,750.579486188912,0.133991775053305,858.200136401567,1997.24409097619
0.14358106374386,750.901422960531,0.134164622867804,858.716648035982,1998.77431505019
0.143616244032724,751.094585023501,0.134195385660981,858.963968237894,1997.67270733977
0.143865834115503,751.303843925053,0.134413608208955,859.390798105515,1999.74587575844
0.144022893225006,751.513102826605,0.134550904317697,859.748194192194,2007.94363667613
0.144259711262397,751.513102826605,0.134757887526652,859.926166050279,2010.34230443486
0.144341256701116,751.818942759642,0.13482914978678,860.337433769274,2010.56422241866
0.144479251775697,751.770652243899,0.134949731609808,860.385913587025,2019.09806005572
0.144753806597063,751.979911145451,0.135189597814499,860.831865768276,2016.65548796973
0.144924690026326,751.979911145451,0.135338861940298,860.960366674229,2024.84900962748
0.145091168746891,752.237460562745,0.135484257196162,861.380472890988,2022.75668586558
0.145274059171372,752.382332109974,0.135643961353945,861.683967544413,2019.65034989365
0.145438369250613,752.591591011525,0.135787418976546,862.047284719966,2021.99302469779
0.145574582549026,752.84914042882,0.135906329957356,862.444839769138,2023.74029967101
0.145738910703592,753.154980361857,0.136049765724947,862.918966790779,2021.78868490979
0.1459818593687,753.2032708776,0.136261788646055,863.157284842898,2028.07396816701
0.146089410475617,753.364239263409,0.136355634861407,863.422776850811,2030.23340578913
0.146261881500009,753.509110810637,0.136506110074627,863.718771085199,2030.18303799233
0.146498459596097,753.460820294894,0.136712479744136,863.841669834108,2032.49799436646
0.146630009812224,753.509110810637,0.13682721401919,863.9961591224,2030.7664316279
0.146840201894296,753.670079196446,0.137010510127932,864.339145787342,2029.59773662218
0.146949708965162,753.879338097997,0.137105991471215,864.661687426347,2029.99762275849
0.147128865984937,754.233468546777,0.137262182302772,865.20298346195,2031.26348788782
0.147178318944675,754.394436932586,0.137305291577825,865.424941981539,2025.21856638698
0.147492860750027,754.394436932586,0.137579441364606,865.66223056968,2026.34973191614
0.147606076965111,754.6358895113,0.137678100479744,866.02473269914,2023.50153880325
0.147746942938825,754.796857897109,0.137800840618337,866.315786191238,2024.22460507086
0.147791158661323,754.845148412852,0.13783936380597,866.404587506666,2027.79492865248
0.148221645758515,755.006116798661,0.138214350479744,866.914365988304,2020.08851150457
0.148278259500171,755.102697830146,0.138263654850746,867.068011608284,2021.45856167669
0.14850569100069,755.215375700212,0.138461698294243,867.369156922918,2020.49576131434
0.148664196334917,755.311956731698,0.138599698827292,867.599801761369,2021.0129282464
0.148780474467336,755.71437769622,0.138700922707889,868.149921371651,2014.73119358191
0.149080665648618,755.923636597772,0.138962201492537,868.617235521292,2014.34474043302
0.149193389191652,755.971927113515,0.139060295575693,868.757941053325,2007.4168544936
0.149360745925488,756.342154400876,0.139205914712154,869.309982757081,2005.02932885844
0.14954146463759,756.229476530809,0.139363136460554,869.317140053344,2001.875141
0.149734218641344,756.647994333913,0.139530801439232,869.944090552041,2004.42377032032
0.149955414520939,756.647994333913,0.139723171641791,870.111457970692,1998.58367162747
0.15010421801888,756.535316463846,0.139852562633262,870.094458545318,1996.29930998851
0.150285867291563,756.792865881141,0.14001049173774,870.528138090156,1997.18941647126
0.150433738501684,757.002124782693,0.140139035181237,870.880784467472,1995.19850151036
0.150584178893457,757.050415298435,0.140269795042644,871.050230467101,1992.57278978503
0.150712398588495,757.517223617282,0.14038122761194,871.684461360739,1983.45905266875
0.150910000109516,757.517223617282,0.140552933901919,871.834147916326,1980.702135603
0.151148232764797,757.678192003091,0.140759907515991,872.199911728784,1974.24866139045
0.151267689613823,757.871354066061,0.140863674040512,872.512802820134,1976.68261417062
0.151464417626799,757.935741420385,0.14103453891258,872.73603709316,1971.369107116
0.151620690728911,757.935741420385,0.141170246535181,872.854482062673,1965.93997457958
0.151811236486582,758.128903483356,0.14133569163113,873.22138973738,1965.07714588211
0.152052247807959,758.38645290065,0.141544915245203,873.700817771299,1964.21690241184
0.152153074907517,758.289871869165,0.141632430970149,873.666007545285,1955.18778291
0.152143764369115,758.547421286459,0.141624349946695,873.955681413466,1953.11288497115
0.152554290241397,758.756680188011,0.141980601279318,874.508267000012,1945.75767805458
0.152726534717043,759.062520121048,0.14213003598081,874.991508452722,1936.18619664859
0.152538527203294,759.014229605305,0.141966924573561,874.793142315641,1936.16936272567
0.153007900379216,759.159101152534,0.142374093283582,875.316441273655,1928.65529238386
0.153250789003347,759.416650569828,0.14258472761194,875.797851451933,1923.04509699397
0.153415453741817,759.577618955637,0.142727500533049,876.108564019845,1923.20691297339
0.153540980578273,759.722490502865,0.142836325159915,876.371026662043,1910.6510668563
0.153702288982259,759.674199987123,0.142976152985075,876.43786340591,1909.8387821562
0.15388185709868,759.931749404417,0.14313178598081,876.871458271017,1904.77254284292
0.154112868792827,759.883458888674,0.143331969882729,876.991278686224,1897.47945351613
0.154280040244473,760.141008305969,0.143476807835821,877.415593658888,1888.29818188393
0.154393467059768,760.285879853197,0.143575069296375,877.669052800318,1882.3611943918
0.154570045536365,760.591719786234,0.143728019722814,878.156416548175,1872.3850394113
0.154744450789321,760.543429270491,0.143879064765458,878.233304534381,1869.80458107201
0.154930772695482,760.7043976563,0.144040405117271,878.560917778042,1861.83576488295
0.154936932753121,760.752688172043,0.14404573880597,878.621376261111,1858.28497301225
0.155280160694373,761.05852810508,0.14434287793177,879.23581864706,1849.3177273821
0.155522693987982,761.267787006632,0.144552790511727,879.662204088172,1846.52558689864
0.155623390228582,761.05852810508,0.144639930170576,879.497036411167,1837.74136538011
0.155859344130481,761.428755392441,0.144844088219616,880.104541809995,1830.93450700466
0.155966423808684,761.364368038117,0.14493672468017,880.111645736381,1825.249726356
0.15622666847357,761.734595325478,0.145161831023454,880.737853414241,1814.91507926689
0.156378514548798,761.831176356964,0.145293151385928,880.965204052629,1809.24677176135
0.156513193949268,761.831176356964,0.145409611140725,881.06780701872,1796.50159710533
0.156691023680988,762.137016290001,0.145563363006397,881.557045557655,1795.42637245412
0.156568782512353,762.040435258515,0.145457675639659,881.352178432125,1782.67098071679
0.15704677967382,762.137016290001,0.145870879264392,881.828180368559,1775.07477709579
0.15724728469541,762.394565707295,0.146044154584222,882.279041031303,1766.78083501595
0.157362546342658,762.29798467581,0.146143749466951,882.255136616271,1751.99542699827
0.157616084010557,762.442856223038,0.146362790511727,882.616113502737,1737.83285029293
0.15774483369009,762.813083510399,0.146474003997868,883.142906505371,1720.02226061267
0.157933736465121,762.748696156075,0.146637155117271,883.212447723903,1703.66466687559
0.15809508040253,763.006245573369,0.146776483208955,883.633779314923,1673.47398239208
0.158220865248167,763.215504474921,0.146885090884861,883.972121963759,1639.10016459982
0.158532509328292,763.167213959178,0.147154126066098,884.154027425209,1582.4809432219
0.158665689553518,763.424763376473,0.147269075426439,884.554079879832,1527.92644923388
0.158830306198115,763.424763376473,0.147411139658849,884.679752302782,1446.84010813422
0.158999019709513,763.569634923701,0.147556718550107,884.97645835652,1319.85279261425
0.159172631736114,763.569634923701,0.147706502132196,885.10902322829,1154.69881513506
0.159138575052456,763.521344407958,0.147677121535181,885.027043179176,946.021555150883
0.159516193809721,763.827184340995,0.148002843816631,885.669989515467,659.965531597559
0.159753716223995,764.08473375829,0.148207668976546,886.150109486199,232.475219062365
0.159879585078588,764.036443242547,0.148316193763326,886.190272773085,NaN
0.159991883984586,764.342283175584,0.148413008528785,886.630845069926,108.656075970054
0.160305076454308,764.293992659842,0.148682967484009,886.814199586746,NaN
0.160476856996695,764.551542077136,0.148831004264392,887.244370561651,NaN
0.16059559389519,764.503251561393,0.148933316364606,887.279105280699,NaN
0.160717055403949,764.599832592879,0.149037965351812,887.484066249559,NaN
0.160928850521252,764.648123108621,0.149220417910448,887.702066613725,NaN
0.161024947661046,764.648123108621,0.149303190565032,887.775547111304,NaN
0.161237048724183,764.760800978688,0.149485858208955,888.068575508433,NaN
0.161549011828999,764.712510462945,0.14975446934968,888.251060861507,NaN
0.161414708988208,765.018350395982,0.149638838752665,888.503564795789,NaN
0.161752427024607,764.712510462945,0.149929578091685,888.406615006406,NaN
0.162067539983105,765.018350395982,0.15020078065032,889.002992486592,NaN
0.162264075787611,765.16322194321,0.150369892324094,889.321724978496,NaN
0.162494172947843,764.970059880239,0.150567845948827,889.273237090341,NaN
0.162683622261797,764.760800978688,0.150730800639659,889.174858245734,NaN
0.162839683965528,764.648123108621,0.150865017057569,889.163181820463,NaN
0.16306409090529,764.551542077136,0.151057980277186,889.222444236181,NaN
0.163063557731042,763.891571695319,0.151057521855011,888.454449096715,NaN
0.163406996743537,763.37647286073,0.15135276652452,888.117529675576,NaN
0.163549569347355,761.831176356964,0.151475306503198,886.428337165534,NaN
0.163660537944996,760.752688172043,0.151570672707889,885.257882361382,NaN
0.16416586146194,759.014229605305,0.152004831823028,883.618454470331,NaN
0.16425913530017,755.215375700212,0.152084949360341,879.266400278122,NaN
0.164813298719526,NaN,0.152560815565032,874.584964245256,NaN
0.165050357067475,NaN,0.152764311034115,868.611766600577,NaN
0.165207603520331,NaN,0.152899271588486,859.575997388018,NaN
0.166186641780232,NaN,0.153739145255864,845.149297956178,NaN
0.166769886496261,705.814178095422,0.154239150053305,823.522728463848,NaN
0.159443261236959,NaN,NaN,NaN,NaN
0.157383104208313,NaN,NaN,NaN,NaN
0.159649130751901,NaN,NaN,NaN,NaN
0.155332268945995,NaN,NaN,NaN,NaN
