time_s,temp_C
-2889.99821799999,NaN
-2887.99821799999,NaN
-2885.99821799999,NaN
-2883.99821799999,NaN
-2881.99821799999,NaN
-2879.99821799999,NaN
-2877.99821799999,NaN
-2875.99821799999,NaN
-2873.99821799999,NaN
-2873,NaN
-2872,NaN
-2871,NaN
-2870,NaN
-2869,NaN
-2868,NaN
-2867,NaN
-2866,NaN
-2865,NaN
-2864,NaN
-2863,NaN
-2862,NaN
-2861,NaN
-2860,NaN
-2859,NaN
-2858,NaN
-2857,NaN
-2856,NaN
-2855,NaN
-2854,NaN
-2853,NaN
-2852,NaN
-2851,NaN
-2850,NaN
-2849,NaN
-2848,NaN
-2847,NaN
-2846,NaN
-2845,NaN
-2844,NaN
-2843,NaN
-2842,NaN
-2841,NaN
-2840,NaN
-2839,NaN
-2838,NaN
-2837,NaN
-2836,NaN
-2835,NaN
-2834,NaN
-2833,NaN
-2832,NaN
-2831,NaN
-2830,NaN
-2829,NaN
-2828,NaN
-2827,NaN
-2826,NaN
-2825,NaN
-2824,NaN
-2823,NaN
-2822,NaN
-2821,NaN
-2820,NaN
-2819,NaN
-2818,NaN
-2817,NaN
-2816,NaN
-2815,NaN
-2814,NaN
-2813,NaN
-2812,NaN
-2811,NaN
-2810,NaN
-2809,NaN
-2808,NaN
-2807,NaN
-2806,NaN
-2805,NaN
-2804,NaN
-2803,NaN
-2802,NaN
-2801,NaN
-2800,NaN
-2799,NaN
-2798,NaN
-2797,NaN
-2796,NaN
-2795,NaN
-2794,NaN
-2793,NaN
-2792,NaN
-2791,NaN
-2790,NaN
-2789,NaN
-2788,NaN
-2787,NaN
-2786,NaN
-2785,NaN
-2784,NaN
-2783,NaN
-2782,NaN
-2781,NaN
-2780,NaN
-2779,NaN
-2778,NaN
-2777,NaN
-2776,NaN
-2775,NaN
-2774,NaN
-2773,NaN
-2772,NaN
-2771,NaN
-2770,NaN
-2769,NaN
-2768,NaN
-2767,NaN
-2766,NaN
-2765,NaN
-2764,NaN
-2763,NaN
-2762,NaN
-2761,NaN
-2760,NaN
-2759,NaN
-2758,NaN
-2757,NaN
-2756,NaN
-2755,NaN
-2754,NaN
-2753,NaN
-2752,NaN
-2751,NaN
-2750,NaN
-2749,NaN
-2748,NaN
-2747,NaN
-2746,NaN
-2745,NaN
-2744,NaN
-2743,NaN
-2742,NaN
-2741,NaN
-2740,NaN
-2739,NaN
-2738,NaN
-2737,NaN
-2736,NaN
-2735,NaN
-2734,NaN
-2733,NaN
-2732,NaN
-2731,NaN
-2730,NaN
-2729,NaN
-2728,NaN
-2727,NaN
-2726,NaN
-2725,NaN
-2724,NaN
-2723,NaN
-2722,NaN
-2721,NaN
-2720,NaN
-2719,NaN
-2718,NaN
-2717,NaN
-2716,NaN
-2715,NaN
-2714,NaN
-2713,NaN
-2712,NaN
-2711,NaN
-2710,NaN
-2709,NaN
-2708,NaN
-2707,NaN
-2706,NaN
-2705,NaN
-2704,NaN
-2703,NaN
-2702,NaN
-2701,NaN
-2700,NaN
-2699,NaN
-2698,NaN
-2697,NaN
-2696,NaN
-2695,NaN
-2694,NaN
-2693,NaN
-2692,NaN
-2691,NaN
-2690,NaN
-2689,NaN
-2688,NaN
-2687,NaN
-2686,NaN
-2685,NaN
-2684,NaN
-2683,NaN
-2682,NaN
-2681,NaN
-2680,NaN
-2679,NaN
-2678,NaN
-2677,NaN
-2676,NaN
-2675,NaN
-2674,NaN
-2673,NaN
-2672,NaN
-2671,NaN
-2670,NaN
-2669,NaN
-2668,NaN
-2667,NaN
-2666,NaN
-2665,NaN
-2664,NaN
-2663,NaN
-2662,NaN
-2661,NaN
-2660,NaN
-2659,NaN
-2658,NaN
-2657,NaN
-2656,NaN
-2655,NaN
-2654,NaN
-2653,NaN
-2652,NaN
-2651,NaN
-2650,NaN
-2649,NaN
-2648,NaN
-2647,NaN
-2646,NaN
-2645,NaN
-2644,NaN
-2643,NaN
-2642,NaN
-2641,NaN
-2640,NaN
-2639,NaN
-2638,NaN
-2637,NaN
-2636,NaN
-2635,NaN
-2634,NaN
-2633,NaN
-2632,NaN
-2631,NaN
-2630,NaN
-2629,NaN
-2628,NaN
-2627,NaN
-2626,NaN
-2625,NaN
-2624,NaN
-2623,NaN
-2622,NaN
-2621,NaN
-2620,NaN
-2619,NaN
-2618,NaN
-2617,NaN
-2616,NaN
-2615,NaN
-2614,NaN
-2613,NaN
-2612,NaN
-2611,NaN
-2610,NaN
-2609,NaN
-2608,NaN
-2607,NaN
-2606,NaN
-2605,NaN
-2604,NaN
-2603,NaN
-2602,NaN
-2601,NaN
-2600,NaN
-2599,NaN
-2598,NaN
-2597,NaN
-2596,NaN
-2595,NaN
-2594,NaN
-2593,NaN
-2592,NaN
-2591,NaN
-2590,NaN
-2589,NaN
-2588,NaN
-2587,NaN
-2586,NaN
-2585,NaN
-2584,NaN
-2583,NaN
-2582,NaN
-2581,NaN
-2580,NaN
-2579,NaN
-2578,NaN
-2577,NaN
-2576,NaN
-2575,NaN
-2574,NaN
-2573,NaN
-2572,NaN
-2571,NaN
-2570,NaN
-2569,NaN
-2568,NaN
-2567,NaN
-2566,NaN
-2565,NaN
-2564,NaN
-2563,NaN
-2562,NaN
-2561,NaN
-2560,NaN
-2559,NaN
-2558,NaN
-2557,NaN
-2556,NaN
-2555,NaN
-2554,NaN
-2553,NaN
-2552,NaN
-2551,NaN
-2550,NaN
-2549,NaN
-2548,NaN
-2547,NaN
-2546,NaN
-2545,NaN
-2544,NaN
-2543,NaN
-2542,NaN
-2541,NaN
-2540,NaN
-2539,NaN
-2538,NaN
-2537,NaN
-2536,NaN
-2535,NaN
-2534,NaN
-2533,NaN
-2532,NaN
-2531,NaN
-2530,NaN
-2529,NaN
-2528,NaN
-2527,NaN
-2526,NaN
-2525,NaN
-2524,NaN
-2523,NaN
-2522,NaN
-2521,NaN
-2520,NaN
-2519,NaN
-2518,NaN
-2517,NaN
-2516,NaN
-2515,NaN
-2514,NaN
-2513,NaN
-2512,NaN
-2511,NaN
-2510,NaN
-2509,NaN
-2508,NaN
-2507,NaN
-2506,NaN
-2505,NaN
-2504,NaN
-2503,NaN
-2502,NaN
-2501,NaN
-2500,NaN
-2499,NaN
-2498,NaN
-2497,NaN
-2496,NaN
-2495,NaN
-2494,NaN
-2493,NaN
-2492,NaN
-2491,NaN
-2490,NaN
-2489,NaN
-2488,NaN
-2487,NaN
-2486,NaN
-2485,NaN
-2484,NaN
-2483,NaN
-2482,NaN
-2481,NaN
-2480,NaN
-2479,NaN
-2478,NaN
-2477,NaN
-2476,NaN
-2475,NaN
-2474,NaN
-2473,NaN
-2472,NaN
-2471,NaN
-2470,NaN
-2469,NaN
-2468,NaN
-2467,NaN
-2466,NaN
-2465,NaN
-2464,NaN
-2463,NaN
-2462,NaN
-2461,NaN
-2460,NaN
-2459,NaN
-2458,NaN
-2457,NaN
-2456,NaN
-2455,NaN
-2454,NaN
-2453,NaN
-2452,NaN
-2451,NaN
-2450,NaN
-2449,NaN
-2448,NaN
-2447,NaN
-2446,NaN
-2445,NaN
-2444,NaN
-2443,NaN
-2442,NaN
-2441,NaN
-2440,NaN
-2439,NaN
-2438,NaN
-2437,NaN
-2436,NaN
-2435,NaN
-2434,NaN
-2433,NaN
-2432,NaN
-2431,NaN
-2430,NaN
-2429,NaN
-2428,NaN
-2427,NaN
-2426,NaN
-2425,NaN
-2424,NaN
-2423,NaN
-2422,NaN
-2421,NaN
-2420,NaN
-2419,NaN
-2418,NaN
-2417,NaN
-2416,NaN
-2415,NaN
-2414,NaN
-2413,NaN
-2412,NaN
-2411,NaN
-2410,NaN
-2409,NaN
-2408,NaN
-2407,NaN
-2406,NaN
-2405,NaN
-2404,NaN
-2403,NaN
-2402,NaN
-2401,NaN
-2400,NaN
-2399,NaN
-2398,NaN
-2397,NaN
-2396,NaN
-2395,NaN
-2394,NaN
-2393,NaN
-2392,NaN
-2391,NaN
-2390,NaN
-2389,NaN
-2388,NaN
-2387,NaN
-2386,NaN
-2385,NaN
-2384,NaN
-2383,NaN
-2382,NaN
-2381,NaN
-2380,NaN
-2379,NaN
-2378,NaN
-2377,NaN
-2376,NaN
-2375,NaN
-2374,NaN
-2373,NaN
-2372,NaN
-2371,NaN
-2370,NaN
-2369,NaN
-2368,NaN
-2367,NaN
-2366,NaN
-2365,NaN
-2364,NaN
-2363,NaN
-2362,NaN
-2361,NaN
-2360,NaN
-2359,NaN
-2358,NaN
-2357,NaN
-2356,NaN
-2355,NaN
-2354,NaN
-2353,NaN
-2352,NaN
-2351,NaN
-2350,NaN
-2349,NaN
-2348,NaN
-2347,NaN
-2346,NaN
-2345,NaN
-2344,NaN
-2343,NaN
-2342,NaN
-2341,NaN
-2340,NaN
-2339,NaN
-2338,NaN
-2337,NaN
-2336,NaN
-2335,NaN
-2334,NaN
-2333,NaN
-2332,NaN
-2331,NaN
-2330,NaN
-2329,NaN
-2328,NaN
-2327,NaN
-2326,NaN
-2325,NaN
-2324,NaN
-2323,NaN
-2322,NaN
-2321,NaN
-2320,NaN
-2319,NaN
-2318,NaN
-2317,NaN
-2316,NaN
-2315,NaN
-2314,NaN
-2313,NaN
-2312,NaN
-2311,NaN
-2310,NaN
-2309,NaN
-2308,NaN
-2307,NaN
-2306,NaN
-2305,NaN
-2304,NaN
-2303,NaN
-2302,NaN
-2301,NaN
-2300,NaN
-2299,NaN
-2298,NaN
-2297,NaN
-2296,NaN
-2295,NaN
-2294,NaN
-2293,NaN
-2292,NaN
-2291,NaN
-2290,NaN
-2289,NaN
-2288,NaN
-2287,NaN
-2286,NaN
-2285,NaN
-2284,NaN
-2283,NaN
-2282,NaN
-2281,NaN
-2280,NaN
-2279,NaN
-2278,NaN
-2277,NaN
-2276,NaN
-2275,NaN
-2274,NaN
-2273,NaN
-2272,NaN
-2271,NaN
-2270,NaN
-2269,NaN
-2268,NaN
-2267,NaN
-2266,NaN
-2265,NaN
-2264,NaN
-2263,NaN
-2262,NaN
-2261,NaN
-2260,NaN
-2259,NaN
-2258,NaN
-2257,NaN
-2256,NaN
-2255,NaN
-2254,NaN
-2253,NaN
-2252,NaN
-2251,NaN
-2250,NaN
-2249,NaN
-2248,NaN
-2247,NaN
-2246,NaN
-2245,NaN
-2244,NaN
-2243,NaN
-2242,NaN
-2241,NaN
-2240,NaN
-2239,NaN
-2238,NaN
-2237,NaN
-2236,NaN
-2235,NaN
-2234,NaN
-2233,NaN
-2232,NaN
-2231,NaN
-2230,NaN
-2229,NaN
-2228,NaN
-2227,NaN
-2226,NaN
-2225,NaN
-2224,NaN
-2223,NaN
-2222,NaN
-2221,NaN
-2220,NaN
-2219,NaN
-2218,NaN
-2217,NaN
-2216,NaN
-2215,NaN
-2214,NaN
-2213,NaN
-2212,NaN
-2211,NaN
-2210,NaN
-2209,NaN
-2208,NaN
-2207,NaN
-2206,NaN
-2205,NaN
-2204,NaN
-2203,NaN
-2202,NaN
-2201,NaN
-2200,NaN
-2199,NaN
-2198,NaN
-2197,NaN
-2196,NaN
-2195,NaN
-2194,NaN
-2193,NaN
-2192,NaN
-2191,NaN
-2190,NaN
-2189,NaN
-2188,NaN
-2187,NaN
-2186,NaN
-2185,NaN
-2184,NaN
-2183,NaN
-2182,NaN
-2181,NaN
-2180,NaN
-2179,NaN
-2178,NaN
-2177,NaN
-2176,NaN
-2175,NaN
-2174,NaN
-2173,NaN
-2172,NaN
-2171,NaN
-2170,NaN
-2169,NaN
-2168,NaN
-2167,NaN
-2166,NaN
-2165,NaN
-2164,NaN
-2163,NaN
-2162,NaN
-2161,NaN
-2160,NaN
-2159,NaN
-2158,NaN
-2157,NaN
-2156,NaN
-2155,NaN
-2154,NaN
-2153,NaN
-2152,NaN
-2151,NaN
-2150,NaN
-2149,NaN
-2148,NaN
-2147,NaN
-2146,NaN
-2145,NaN
-2144,NaN
-2143,NaN
-2142,NaN
-2141,NaN
-2140,NaN
-2139,NaN
-2138,NaN
-2137,NaN
-2136,NaN
-2135,NaN
-2134,NaN
-2133,NaN
-2132,NaN
-2131,NaN
-2130,NaN
-2129,NaN
-2128,NaN
-2127,NaN
-2126,NaN
-2125,NaN
-2124,NaN
-2123,NaN
-2122,NaN
-2121,NaN
-2120,NaN
-2119,NaN
-2118,NaN
-2117,NaN
-2116,NaN
-2115,NaN
-2114,NaN
-2113,NaN
-2112,NaN
-2111,NaN
-2110,NaN
-2109,NaN
-2108,NaN
-2107,NaN
-2106,NaN
-2105,NaN
-2104,NaN
-2103,NaN
-2102,NaN
-2101,NaN
-2100,NaN
-2099,NaN
-2098,NaN
-2097,NaN
-2096,NaN
-2095,NaN
-2094,NaN
-2093,NaN
-2092,NaN
-2091,NaN
-2090,NaN
-2089,NaN
-2088,NaN
-2087,NaN
-2086,NaN
-2085,NaN
-2084,NaN
-2083,NaN
-2082,NaN
-2081,NaN
-2080,NaN
-2079,NaN
-2078,NaN
-2077,NaN
-2076,NaN
-2075,NaN
-2074,NaN
-2073,NaN
-2072,NaN
-2071,NaN
-2070,NaN
-2069,NaN
-2068,NaN
-2067,NaN
-2066,NaN
-2065,NaN
-2064,NaN
-2063,NaN
-2062,NaN
-2061,NaN
-2060,NaN
-2059,NaN
-2058,NaN
-2057,NaN
-2056,NaN
-2055,NaN
-2054,NaN
-2053,NaN
-2052,NaN
-2051,NaN
-2050,NaN
-2049,NaN
-2048,NaN
-2047,NaN
-2046,NaN
-2045,NaN
-2044,NaN
-2043,NaN
-2042,NaN
-2041,NaN
-2040,NaN
-2039,NaN
-2038,NaN
-2037,NaN
-2036,NaN
-2035,NaN
-2034,NaN
-2033,NaN
-2032,NaN
-2031,NaN
-2030,NaN
-2029,NaN
-2028,NaN
-2027,NaN
-2026,NaN
-2025,NaN
-2024,NaN
-2023,NaN
-2022,NaN
-2021,NaN
-2020,NaN
-2019,NaN
-2018,NaN
-2017,NaN
-2016,NaN
-2015,NaN
-2014,NaN
-2013,NaN
-2012,NaN
-2011,NaN
-2010,NaN
-2009,NaN
-2008,NaN
-2007,NaN
-2006,NaN
-2005,NaN
-2004,NaN
-2003,NaN
-2002,NaN
-2001,NaN
-2000,NaN
-1999,NaN
-1998,NaN
-1997,NaN
-1996,NaN
-1995,NaN
-1994,NaN
-1993,NaN
-1992,NaN
-1991,NaN
-1990,NaN
-1989,NaN
-1988,NaN
-1987,NaN
-1986,NaN
-1985,NaN
-1984,NaN
-1983,NaN
-1982,NaN
-1981,NaN
-1980,NaN
-1979,NaN
-1978,NaN
-1977,NaN
-1976,NaN
-1975,NaN
-1974,NaN
-1973,NaN
-1972,NaN
-1971,NaN
-1970,NaN
-1969,NaN
-1968,NaN
-1967,NaN
-1966,NaN
-1965,NaN
-1964,NaN
-1963,NaN
-1962,NaN
-1961,NaN
-1960,NaN
-1959,NaN
-1958,NaN
-1957,NaN
-1956,NaN
-1955,NaN
-1954,NaN
-1953,NaN
-1952,NaN
-1951,NaN
-1950,NaN
-1949,NaN
-1948,NaN
-1947,NaN
-1946,NaN
-1945,NaN
-1944,NaN
-1943,NaN
-1942,NaN
-1941,NaN
-1940,NaN
-1939,NaN
-1938,NaN
-1937,NaN
-1936,NaN
-1935,NaN
-1934,NaN
-1933,NaN
-1932,NaN
-1931,NaN
-1930,NaN
-1929,NaN
-1928,NaN
-1927,NaN
-1926,NaN
-1925,NaN
-1924,NaN
-1923,NaN
-1922,NaN
-1921,NaN
-1920,NaN
-1919,NaN
-1918,NaN
-1917,NaN
-1916,NaN
-1915,NaN
-1914,NaN
-1913,NaN
-1912,NaN
-1911,NaN
-1910,NaN
-1909,NaN
-1908,NaN
-1907,NaN
-1906,NaN
-1905,NaN
-1904,NaN
-1903,NaN
-1902,NaN
-1901,NaN
-1900,NaN
-1899,NaN
-1898,NaN
-1897,NaN
-1896,NaN
-1895,NaN
-1894,NaN
-1893,NaN
-1892,NaN
-1891,NaN
-1890,NaN
-1889,NaN
-1888,NaN
-1887,NaN
-1886,NaN
-1885,NaN
-1884,NaN
-1883,NaN
-1882,NaN
-1881,NaN
-1880,NaN
-1879,NaN
-1878,NaN
-1877,NaN
-1876,NaN
-1875,NaN
-1874,NaN
-1873,NaN
-1872,NaN
-1871,NaN
-1870,NaN
-1869,NaN
-1868,NaN
-1867,NaN
-1866,NaN
-1865,NaN
-1864,NaN
-1863,NaN
-1862,NaN
-1861,NaN
-1860,NaN
-1859,NaN
-1858,NaN
-1857,NaN
-1856,NaN
-1855,NaN
-1854,NaN
-1853,NaN
-1852,NaN
-1851,NaN
-1850,NaN
-1849,NaN
-1848,NaN
-1847,NaN
-1846,NaN
-1845,NaN
-1844,NaN
-1843,NaN
-1842,NaN
-1841,NaN
-1840,NaN
-1839,NaN
-1838,NaN
-1837,NaN
-1836,NaN
-1835,NaN
-1834,NaN
-1833,NaN
-1832,NaN
-1831,NaN
-1830,NaN
-1829,NaN
-1828,NaN
-1827,NaN
-1826,NaN
-1825,NaN
-1824,NaN
-1823,NaN
-1822,NaN
-1821,NaN
-1820,NaN
-1819,NaN
-1818,NaN
-1817,NaN
-1816,NaN
-1815,NaN
-1814,NaN
-1813,NaN
-1812,NaN
-1811,NaN
-1810,NaN
-1809,NaN
-1808,NaN
-1807,NaN
-1806,NaN
-1805,NaN
-1804,NaN
-1803,NaN
-1802,NaN
-1801,NaN
-1800,NaN
-1799,NaN
-1798,NaN
-1797,NaN
-1796,NaN
-1795,NaN
-1794,NaN
-1793,NaN
-1792,NaN
-1791,NaN
-1790,NaN
-1789,NaN
-1788,NaN
-1787,NaN
-1786,NaN
-1785,NaN
-1784,NaN
-1783,NaN
-1782,NaN
-1781,NaN
-1780,NaN
-1779,NaN
-1778,NaN
-1777,NaN
-1776,NaN
-1775,NaN
-1774,NaN
-1773,NaN
-1772,NaN
-1771,NaN
-1770,NaN
-1769,NaN
-1768,NaN
-1767,NaN
-1766,NaN
-1765,NaN
-1764,NaN
-1763,NaN
-1762,NaN
-1761,NaN
-1760,NaN
-1759,NaN
-1758,NaN
-1757,NaN
-1756,NaN
-1755,NaN
-1754,NaN
-1753,NaN
-1752,NaN
-1751,NaN
-1750,NaN
-1749,NaN
-1748,NaN
-1747,NaN
-1746,NaN
-1745,NaN
-1744,NaN
-1743,NaN
-1742,NaN
-1741,NaN
-1740,NaN
-1739,NaN
-1738,NaN
-1737,NaN
-1736,NaN
-1735,NaN
-1734,NaN
-1733,NaN
-1732,NaN
-1731,NaN
-1730,NaN
-1729,NaN
-1728,NaN
-1727,NaN
-1726,NaN
-1725,NaN
-1724,NaN
-1723,NaN
-1722,NaN
-1721,NaN
-1720,NaN
-1719,NaN
-1718,NaN
-1717,NaN
-1716,NaN
-1715,NaN
-1714,NaN
-1713,NaN
-1712,NaN
-1711,NaN
-1710,NaN
-1709,NaN
-1708,NaN
-1707,NaN
-1706,NaN
-1705,NaN
-1704,NaN
-1703,NaN
-1702,NaN
-1701,NaN
-1700,NaN
-1699,NaN
-1698,NaN
-1697,NaN
-1696,NaN
-1695,NaN
-1694,NaN
-1693,NaN
-1692,NaN
-1691,NaN
-1690,NaN
-1689,NaN
-1688,NaN
-1687,NaN
-1686,NaN
-1685,NaN
-1684,NaN
-1683,NaN
-1682,NaN
-1681,NaN
-1680,NaN
-1679,NaN
-1678,NaN
-1677,NaN
-1676,NaN
-1675,NaN
-1674,NaN
-1673,NaN
-1672,NaN
-1671,NaN
-1670,NaN
-1669,NaN
-1668,NaN
-1667,NaN
-1666,NaN
-1665,NaN
-1664,NaN
-1663,NaN
-1662,NaN
-1661,NaN
-1660,NaN
-1659,NaN
-1658,NaN
-1657,NaN
-1656,NaN
-1655,NaN
-1654,NaN
-1653,NaN
-1652,NaN
-1651,NaN
-1650,NaN
-1649,NaN
-1648,NaN
-1647,NaN
-1646,NaN
-1645,NaN
-1644,NaN
-1643,NaN
-1642,NaN
-1641,NaN
-1640,NaN
-1639,NaN
-1638,NaN
-1637,NaN
-1636,NaN
-1635,NaN
-1634,NaN
-1633,NaN
-1632,NaN
-1631,NaN
-1630,NaN
-1629,NaN
-1628,NaN
-1627,NaN
-1626,NaN
-1625,NaN
-1624,NaN
-1623,NaN
-1622,NaN
-1621,NaN
-1620,NaN
-1619,NaN
-1618,NaN
-1617,NaN
-1616,NaN
-1615,NaN
-1614,NaN
-1613,NaN
-1612,NaN
-1611,NaN
-1610,NaN
-1609,NaN
-1608,NaN
-1607,NaN
-1606,NaN
-1605,NaN
-1604,NaN
-1603,NaN
-1602,NaN
-1601,NaN
-1600,NaN
-1599,NaN
-1598,NaN
-1597,NaN
-1596,NaN
-1595,NaN
-1594,NaN
-1593,NaN
-1592,NaN
-1591,NaN
-1590,NaN
-1589,NaN
-1588,NaN
-1587,NaN
-1586,NaN
-1585,NaN
-1584,NaN
-1583,NaN
-1582,NaN
-1581,NaN
-1580,NaN
-1579,NaN
-1578,NaN
-1577,NaN
-1576,NaN
-1575,NaN
-1574,NaN
-1573,NaN
-1572,NaN
-1571,NaN
-1570,NaN
-1569,NaN
-1568,NaN
-1567,NaN
-1566,NaN
-1565,NaN
-1564,NaN
-1563,NaN
-1562,NaN
-1561,NaN
-1560,NaN
-1559,NaN
-1558,NaN
-1557,NaN
-1556,NaN
-1555,NaN
-1554,NaN
-1553,NaN
-1552,NaN
-1551,NaN
-1550,NaN
-1549,NaN
-1548,NaN
-1547,NaN
-1546,NaN
-1545,NaN
-1544,NaN
-1543,NaN
-1542,NaN
-1541,NaN
-1540,NaN
-1539,NaN
-1538,NaN
-1537,NaN
-1536,NaN
-1535,NaN
-1534,NaN
-1533,NaN
-1532,NaN
-1531,NaN
-1530,NaN
-1529,NaN
-1528,NaN
-1527,NaN
-1526,NaN
-1525,NaN
-1524,NaN
-1523,NaN
-1522,NaN
-1521,NaN
-1520,NaN
-1519,NaN
-1518,NaN
-1517,NaN
-1516,NaN
-1515,NaN
-1514,NaN
-1513,NaN
-1512,NaN
-1511,NaN
-1510,NaN
-1509,NaN
-1508,NaN
-1507,NaN
-1506,NaN
-1505,NaN
-1504,NaN
-1503,NaN
-1502,NaN
-1501,NaN
-1500,NaN
-1499,NaN
-1498,NaN
-1497,NaN
-1496,NaN
-1495,NaN
-1494,NaN
-1493,NaN
-1492,NaN
-1491,NaN
-1490,NaN
-1489,NaN
-1488,NaN
-1487,NaN
-1486,NaN
-1485,NaN
-1484,NaN
-1483,NaN
-1482,NaN
-1481,NaN
-1480,NaN
-1479,NaN
-1478,NaN
-1477,NaN
-1476,NaN
-1475,NaN
-1474,NaN
-1473,NaN
-1472,NaN
-1471,NaN
-1470,NaN
-1469,NaN
-1468,NaN
-1467,NaN
-1466,NaN
-1465,NaN
-1464,NaN
-1463,NaN
-1462,NaN
-1461,NaN
-1460,NaN
-1459,NaN
-1458,NaN
-1457,NaN
-1456,NaN
-1455,NaN
-1454,NaN
-1453,NaN
-1452,NaN
-1451,NaN
-1450,NaN
-1449,NaN
-1448,NaN
-1447,NaN
-1446,NaN
-1445,NaN
-1444,NaN
-1443,NaN
-1442,NaN
-1441,NaN
-1440,NaN
-1439,NaN
-1438,NaN
-1437,NaN
-1436,NaN
-1435,NaN
-1434,NaN
-1433,NaN
-1432,NaN
-1431,NaN
-1430,NaN
-1429,NaN
-1428,NaN
-1427,NaN
-1426,NaN
-1425,NaN
-1424,NaN
-1423,NaN
-1422,NaN
-1421,NaN
-1420,NaN
-1419,NaN
-1418,NaN
-1417,NaN
-1416,NaN
-1415,NaN
-1414,NaN
-1413,NaN
-1412,NaN
-1411,NaN
-1410,NaN
-1409,NaN
-1408,NaN
-1407,NaN
-1406,NaN
-1405,NaN
-1404,NaN
-1403,NaN
-1402,NaN
-1401,NaN
-1400,NaN
-1399,NaN
-1398,NaN
-1397,NaN
-1396,NaN
-1395,NaN
-1394,NaN
-1393,NaN
-1392,NaN
-1391,NaN
-1390,NaN
-1389,NaN
-1388,NaN
-1387,NaN
-1386,NaN
-1385,NaN
-1384,NaN
-1383,NaN
-1382,NaN
-1381,NaN
-1380,NaN
-1379,NaN
-1378,NaN
-1377,NaN
-1376,NaN
-1375,NaN
-1374,NaN
-1373,NaN
-1372,NaN
-1371,NaN
-1370,NaN
-1369,NaN
-1368,NaN
-1367,NaN
-1366,NaN
-1365,NaN
-1364,NaN
-1363,NaN
-1362,NaN
-1361,NaN
-1360,NaN
-1359,NaN
-1358,NaN
-1357,NaN
-1356,NaN
-1355,NaN
-1354,NaN
-1353,NaN
-1352,NaN
-1351,NaN
-1350,NaN
-1349,NaN
-1348,NaN
-1347,NaN
-1346,NaN
-1345,NaN
-1344,NaN
-1343,NaN
-1342,NaN
-1341,NaN
-1340,NaN
-1339,NaN
-1338,NaN
-1337,NaN
-1336,NaN
-1335,NaN
-1334,NaN
-1333,NaN
-1332,NaN
-1331,NaN
-1330,NaN
-1329,NaN
-1328,NaN
-1327,NaN
-1326,NaN
-1325,NaN
-1324,NaN
-1323,NaN
-1322,NaN
-1321,NaN
-1320,NaN
-1319,NaN
-1318,NaN
-1317,NaN
-1316,NaN
-1315,NaN
-1314,NaN
-1313,NaN
-1312,NaN
-1311,NaN
-1310,NaN
-1309,NaN
-1308,NaN
-1307,NaN
-1306,NaN
-1305,NaN
-1304,NaN
-1303,NaN
-1302,NaN
-1301,NaN
-1300,NaN
-1299,NaN
-1298,NaN
-1297,NaN
-1296,NaN
-1295,NaN
-1294,NaN
-1293,NaN
-1292,NaN
-1291,NaN
-1290,NaN
-1289,NaN
-1288,NaN
-1287,NaN
-1286,NaN
-1285,NaN
-1284,NaN
-1283,NaN
-1282,NaN
-1281,NaN
-1280,NaN
-1279,NaN
-1278,NaN
-1277,NaN
-1276,NaN
-1275,NaN
-1274,NaN
-1273,NaN
-1272,NaN
-1271,NaN
-1270,NaN
-1269,NaN
-1268,NaN
-1267,NaN
-1266,NaN
-1265,NaN
-1264,NaN
-1263,NaN
-1262,NaN
-1261,NaN
-1260,NaN
-1259,NaN
-1258,NaN
-1257,NaN
-1256,NaN
-1255,NaN
-1254,NaN
-1253,NaN
-1252,NaN
-1251,NaN
-1250,NaN
-1249,NaN
-1248,NaN
-1247,NaN
-1246,NaN
-1245,NaN
-1244,NaN
-1243,NaN
-1242,NaN
-1241,NaN
-1240,NaN
-1239,NaN
-1238,NaN
-1237,NaN
-1236,NaN
-1235,NaN
-1234,NaN
-1233,NaN
-1232,NaN
-1231,NaN
-1230,NaN
-1229,NaN
-1228,NaN
-1227,NaN
-1226,NaN
-1225,NaN
-1224,NaN
-1223,NaN
-1222,NaN
-1221,NaN
-1220,NaN
-1219,NaN
-1218,NaN
-1217,NaN
-1216,NaN
-1215,NaN
-1214,NaN
-1213,NaN
-1212,NaN
-1211,NaN
-1210,NaN
-1209,NaN
-1208,NaN
-1207,NaN
-1206,NaN
-1205,NaN
-1204,NaN
-1203,NaN
-1202,NaN
-1201,NaN
-1200,NaN
-1199,NaN
-1198,NaN
-1197,NaN
-1196,NaN
-1195,NaN
-1194,NaN
-1193,NaN
-1192,NaN
-1191,NaN
-1190,NaN
-1189,NaN
-1188,NaN
-1187,NaN
-1186,NaN
-1185,NaN
-1184,NaN
-1183,NaN
-1182,NaN
-1181,NaN
-1180,NaN
-1179,NaN
-1178,NaN
-1177,NaN
-1176,NaN
-1175,NaN
-1174,NaN
-1173,NaN
-1172,NaN
-1171,NaN
-1170,NaN
-1169,NaN
-1168,NaN
-1167,NaN
-1166,NaN
-1165,NaN
-1164,NaN
-1163,NaN
-1162,NaN
-1161,NaN
-1160,NaN
-1159,NaN
-1158,NaN
-1157,NaN
-1156,NaN
-1155,NaN
-1154,NaN
-1153,NaN
-1152,NaN
-1151,NaN
-1150,NaN
-1149,NaN
-1148,NaN
-1147,NaN
-1146,NaN
-1145,NaN
-1144,NaN
-1143,NaN
-1142,NaN
-1141,NaN
-1140,NaN
-1139,NaN
-1138,NaN
-1137,NaN
-1136,NaN
-1135,NaN
-1134,NaN
-1133,NaN
-1132,NaN
-1131,NaN
-1130,NaN
-1129,NaN
-1128,NaN
-1127,NaN
-1126,NaN
-1125,NaN
-1124,NaN
-1123,NaN
-1122,NaN
-1121,NaN
-1120,NaN
-1119,NaN
-1118,NaN
-1117,NaN
-1116,NaN
-1115,NaN
-1114,NaN
-1113,NaN
-1112,NaN
-1111,NaN
-1110,NaN
-1109,NaN
-1108,NaN
-1107,NaN
-1106,NaN
-1105,NaN
-1104,NaN
-1103,NaN
-1102,NaN
-1101,NaN
-1100,NaN
-1099,NaN
-1098,NaN
-1097,NaN
-1096,NaN
-1095,NaN
-1094,NaN
-1093,NaN
-1092,NaN
-1091,NaN
-1090,NaN
-1089,NaN
-1088,NaN
-1087,NaN
-1086,NaN
-1085,NaN
-1084,NaN
-1083,NaN
-1082,NaN
-1081,NaN
-1080,NaN
-1079,NaN
-1078,NaN
-1077,NaN
-1076,NaN
-1075,NaN
-1074,NaN
-1073,NaN
-1072,NaN
-1071,NaN
-1070,NaN
-1069,NaN
-1068,NaN
-1067,NaN
-1066,NaN
-1065,NaN
-1064,NaN
-1063,NaN
-1062,NaN
-1061,NaN
-1060,NaN
-1059,NaN
-1058,NaN
-1057,NaN
-1056,NaN
-1055,NaN
-1054,NaN
-1053,NaN
-1052,NaN
-1051,NaN
-1050,NaN
-1049,NaN
-1048,NaN
-1047,NaN
-1046,NaN
-1045,NaN
-1044,NaN
-1043,NaN
-1042,NaN
-1041,NaN
-1040,NaN
-1039,NaN
-1038,NaN
-1037,NaN
-1036,NaN
-1035,NaN
-1034,NaN
-1033,NaN
-1032,NaN
-1031,NaN
-1030,NaN
-1029,NaN
-1028,NaN
-1027,NaN
-1026,NaN
-1025,NaN
-1024,NaN
-1023,NaN
-1022,NaN
-1021,NaN
-1020,NaN
-1019,NaN
-1018,NaN
-1017,NaN
-1016,NaN
-1015,NaN
-1014,NaN
-1013,NaN
-1012,NaN
-1011,NaN
-1010,NaN
-1009,NaN
-1008,NaN
-1007,NaN
-1006,NaN
-1005,NaN
-1004,NaN
-1003,NaN
-1002,NaN
-1001,NaN
-1000,NaN
-999,NaN
-998,NaN
-997,NaN
-996,NaN
-995,NaN
-994,NaN
-993,NaN
-992,NaN
-991,NaN
-990,NaN
-989,NaN
-988,NaN
-987,NaN
-986,NaN
-985,NaN
-984,NaN
-983,NaN
-982,NaN
-981,NaN
-980,NaN
-979,NaN
-978,NaN
-977,NaN
-976,NaN
-975,NaN
-974,NaN
-973,NaN
-972,NaN
-971,NaN
-970,NaN
-969,NaN
-968,NaN
-967,NaN
-966,NaN
-965,NaN
-964,NaN
-963,NaN
-962,NaN
-961,NaN
-960,NaN
-959,NaN
-958,NaN
-957,NaN
-956,NaN
-955,NaN
-954,NaN
-953,NaN
-952,NaN
-951,NaN
-950,NaN
-949,NaN
-948,NaN
-947,NaN
-946,NaN
-945,NaN
-944,NaN
-943,NaN
-942,NaN
-941,NaN
-940,NaN
-939,NaN
-938,NaN
-937,NaN
-936,NaN
-935,NaN
-934,NaN
-933,NaN
-932,NaN
-931,NaN
-930,NaN
-929,NaN
-928,NaN
-927,NaN
-926,NaN
-925,NaN
-924,NaN
-923,NaN
-922,NaN
-921,NaN
-920,NaN
-919,NaN
-918,NaN
-917,NaN
-916,NaN
-915,NaN
-914,NaN
-913,NaN
-912,NaN
-911,NaN
-910,NaN
-909,NaN
-908,NaN
-907,NaN
-906,NaN
-905,NaN
-904,NaN
-903,NaN
-902,NaN
-901,NaN
-900,NaN
-899,NaN
-898,NaN
-897,NaN
-896,NaN
-895,NaN
-894,NaN
-893,NaN
-892,NaN
-891,NaN
-890,NaN
-889,NaN
-888,NaN
-887,NaN
-886,NaN
-885,NaN
-884,NaN
-883,NaN
-882,NaN
-881,NaN
-880,NaN
-879,NaN
-878,NaN
-877,NaN
-876,NaN
-875,NaN
-874,NaN
-873,NaN
-872,NaN
-871,NaN
-870,NaN
-869,NaN
-868,NaN
-867,NaN
-866,NaN
-865,NaN
-864,NaN
-863,NaN
-862,NaN
-861,NaN
-860,NaN
-859,NaN
-858,NaN
-857,NaN
-856,NaN
-855,NaN
-854,NaN
-853,NaN
-852,NaN
-851,NaN
-850,NaN
-849,NaN
-848,NaN
-847,NaN
-846,NaN
-845,NaN
-844,NaN
-843,NaN
-842,NaN
-841,NaN
-840,NaN
-839,NaN
-838,NaN
-837,NaN
-836,NaN
-835,NaN
-834,NaN
-833,NaN
-832,NaN
-831,NaN
-830,NaN
-829,NaN
-828,NaN
-827,NaN
-826,NaN
-825,NaN
-824,NaN
-823,NaN
-822,NaN
-821,NaN
-820,NaN
-819,NaN
-818,NaN
-817,NaN
-816,NaN
-815,NaN
-814,NaN
-813,NaN
-812,NaN
-811,NaN
-810,NaN
-809,NaN
-808,NaN
-807,NaN
-806,NaN
-805,NaN
-804,NaN
-803,NaN
-802,NaN
-801,NaN
-800,NaN
-799,NaN
-798,NaN
-797,NaN
-796,NaN
-795,NaN
-794,NaN
-793,NaN
-792,NaN
-791,NaN
-790,NaN
-789,NaN
-788,NaN
-787,NaN
-786,NaN
-785,NaN
-784,NaN
-783,NaN
-782,NaN
-781,NaN
-780,NaN
-779,NaN
-778,NaN
-777,NaN
-776,NaN
-775,NaN
-774,NaN
-773,NaN
-772,NaN
-771,NaN
-770,NaN
-769,NaN
-768,NaN
-767,NaN
-766,NaN
-765,NaN
-764,NaN
-763,NaN
-762,NaN
-761,NaN
-760,NaN
-759,NaN
-758,NaN
-757,NaN
-756,NaN
-755,NaN
-754,NaN
-753,NaN
-752,NaN
-751,NaN
-750,NaN
-749,NaN
-748,NaN
-747,NaN
-746,NaN
-745,NaN
-744,NaN
-743,NaN
-742,NaN
-741,NaN
-740,NaN
-739,NaN
-738,NaN
-737,NaN
-736,NaN
-735,NaN
-734,NaN
-733,NaN
-732,NaN
-731,NaN
-730,NaN
-729,NaN
-728,NaN
-727,NaN
-726,NaN
-725,NaN
-724,NaN
-723,NaN
-722,NaN
-721,NaN
-720,NaN
-719,NaN
-718,NaN
-717,NaN
-716,NaN
-715,NaN
-714,NaN
-713,NaN
-712,NaN
-711,NaN
-710,NaN
-709,NaN
-708,NaN
-707,NaN
-706,NaN
-705,NaN
-704,NaN
-703,NaN
-702,NaN
-701,NaN
-700,NaN
-699,NaN
-698,NaN
-697,NaN
-696,NaN
-695,NaN
-694,NaN
-693,NaN
-692,NaN
-691,NaN
-690,NaN
-689,NaN
-688,NaN
-687,NaN
-686,NaN
-685,NaN
-684,NaN
-683,NaN
-682,NaN
-681,NaN
-680,NaN
-679,NaN
-678,NaN
-677,NaN
-676,NaN
-675,NaN
-674,NaN
-673,NaN
-672,NaN
-671,NaN
-670,NaN
-669,NaN
-668,NaN
-667,NaN
-666,NaN
-665,NaN
-664,NaN
-663,NaN
-662,NaN
-661,NaN
-660,NaN
-659,NaN
-658,NaN
-657,NaN
-656,NaN
-655,NaN
-654,NaN
-653,NaN
-652,NaN
-651,NaN
-650,NaN
-649,NaN
-648,NaN
-647,NaN
-646,NaN
-645,NaN
-644,NaN
-643,NaN
-642,NaN
-641,NaN
-640,NaN
-639,NaN
-638,NaN
-637,NaN
-636,NaN
-635,NaN
-634,NaN
-633,NaN
-632,NaN
-631,NaN
-630,NaN
-629,NaN
-628,NaN
-627,NaN
-626,NaN
-625,NaN
-624,NaN
-623,NaN
-622,NaN
-621,NaN
-620,NaN
-619,NaN
-618,NaN
-617,NaN
-616,NaN
-615,NaN
-614,NaN
-613,NaN
-612,NaN
-611,NaN
-610,NaN
-609,NaN
-608,NaN
-607,NaN
-606,NaN
-605,NaN
-604,NaN
-603,NaN
-602,NaN
-601,NaN
-600,NaN
-599,NaN
-598,NaN
-597,NaN
-596,NaN
-595,NaN
-594,NaN
-593,NaN
-592,NaN
-591,NaN
-590,NaN
-589,NaN
-588,NaN
-587,NaN
-586,NaN
-585,NaN
-584,NaN
-583,NaN
-582,NaN
-581,NaN
-580,NaN
-579,NaN
-578,NaN
-577,NaN
-576,NaN
-575,NaN
-574,NaN
-573,NaN
-572,NaN
-571,NaN
-570,NaN
-569,NaN
-568,NaN
-567,NaN
-566,NaN
-565,NaN
-564,NaN
-563,NaN
-562,NaN
-561,NaN
-560,NaN
-559,NaN
-558,NaN
-557,NaN
-556,NaN
-555,NaN
-554,NaN
-553,NaN
-552,NaN
-551,NaN
-550,NaN
-549,NaN
-548,NaN
-547,NaN
-546,NaN
-545,NaN
-544,NaN
-543,NaN
-542,NaN
-541,NaN
-540,NaN
-539,NaN
-538,NaN
-537,NaN
-536,NaN
-535,NaN
-534,NaN
-533,NaN
-532,NaN
-531,NaN
-530,NaN
-529,NaN
-528,NaN
-527,NaN
-526,NaN
-525,NaN
-524,NaN
-523,NaN
-522,NaN
-521,NaN
-520,NaN
-519,NaN
-518,NaN
-517,NaN
-516,NaN
-515,NaN
-514,NaN
-513,NaN
-512,NaN
-511,NaN
-510,NaN
-509,NaN
-508,NaN
-507,NaN
-506,NaN
-505,NaN
-504,NaN
-503,NaN
-502,NaN
-501,NaN
-500,NaN
-499,NaN
-498,NaN
-497,NaN
-496,NaN
-495,NaN
-494,NaN
-493,NaN
-492,NaN
-491,NaN
-490,NaN
-489,NaN
-488,NaN
-487,NaN
-486,NaN
-485,NaN
-484,NaN
-483,NaN
-482,NaN
-481,NaN
-480,NaN
-479,NaN
-478,NaN
-477,NaN
-476,NaN
-475,NaN
-474,NaN
-473,NaN
-472,NaN
-471,NaN
-470,NaN
-469,NaN
-468,NaN
-467,NaN
-466,NaN
-465,NaN
-464,NaN
-463,NaN
-462,NaN
-461,NaN
-460,NaN
-459,NaN
-458,NaN
-457,NaN
-456,NaN
-455,NaN
-454,NaN
-453,NaN
-452,NaN
-451,NaN
-450,NaN
-449,NaN
-448,NaN
-447,NaN
-446,NaN
-445,NaN
-444,NaN
-443,NaN
-442,NaN
-441,NaN
-440,NaN
-439,NaN
-438,NaN
-437,NaN
-436,NaN
-435,NaN
-434,NaN
-433,NaN
-432,NaN
-431,NaN
-430,NaN
-429,NaN
-428,NaN
-427,NaN
-426,NaN
-425,NaN
-424,NaN
-423,NaN
-422,NaN
-421,NaN
-420,NaN
-419,NaN
-418,NaN
-417,NaN
-416,NaN
-415,NaN
-414,NaN
-413,NaN
-412,NaN
-411,NaN
-410,NaN
-409,NaN
-408,NaN
-407,NaN
-406,NaN
-405,NaN
-404,NaN
-403,NaN
-402,NaN
-401,516.7126977657
-400,528.837767210145
-399,505.291657608696
-398,485.696367753623
-397,458.232765700483
-396,NaN
-395,NaN
-394,NaN
-393,NaN
-392,NaN
-391,NaN
-390,NaN
-389,NaN
-388,NaN
-387,NaN
-386,NaN
-385,NaN
-384,NaN
-383,NaN
-382,NaN
-381,NaN
-380,NaN
-379,NaN
-378,NaN
-377,NaN
-376,NaN
-375,NaN
-374,NaN
-373,NaN
-372,NaN
-371,NaN
-370,NaN
-369,NaN
-368,NaN
-367,NaN
-366,NaN
-365,NaN
-364,NaN
-363,NaN
-362,NaN
-361,NaN
-360,NaN
-359,NaN
-358,NaN
-357,NaN
-356,NaN
-355,NaN
-354,NaN
-353,NaN
-352,NaN
-351,NaN
-350,594.826728562802
-349,576.113583937198
-348,551.999006642512
-347,526.79569897343
-346,504.191453804348
-345,488.132290157005
-344,472.152115036232
-343,459.366296799517
-342,448.783362016908
-341,438.094202898551
-340,429.6964477657
-339,421.584308574879
-338,414.884503321256
-337,408.049234601449
-336,404.221435688406
-335,NaN
-334,NaN
-333,NaN
-332,NaN
-331,NaN
-330,NaN
-329,NaN
-328,NaN
-327,NaN
-326,NaN
-325,NaN
-324,NaN
-323,NaN
-322,NaN
-321,NaN
-320,NaN
-319,NaN
-318,NaN
-317,NaN
-316,NaN
-315,NaN
-314,NaN
-313,NaN
-312,NaN
-311,NaN
-310,NaN
-309,NaN
-308,NaN
-307,NaN
-306,NaN
-305,NaN
-304,NaN
-303,NaN
-302,NaN
-301,674.447084842995
-300,685.479074577295
-299,663.354708635266
-298,632.135670289855
-297,598.401019021739
-296,571.129758454106
-295,552.580815217391
-294,533.558842089372
-293,520.121207729469
-292,508.453195954106
-291,497.555240036232
-290,486.664470108696
-289,478.976515700483
-288,470.064067028985
-287,462.074673913043
-286,455.654864130435
-285,450.548908514493
-284,442.558970410628
-283,438.183810386473
-282,431.895751811594
-281,425.961096014493
-280,421.715110205314
-279,417.188168780193
-278,412.974915458937
-277,407.674980374396
-276,403.811322463768
-275,401.19402173913
-274,395.988205012077
-273,392.662291666667
-272,389.09446557971
-271,385.619710144928
-270,381.258390700483
-269,379.553860205314
-268,376.138022342995
-267,373.484346316425
-266,NaN
-265,NaN
-264,NaN
-263,NaN
-262,NaN
-261,NaN
-260,NaN
-259,NaN
-258,NaN
-257,NaN
-256,NaN
-255,NaN
-254,NaN
-253,NaN
-252,NaN
-251,682.398239734299
-250,799.365303442029
-249,776.210644625604
-248,740.971129227053
-247,702.801305857488
-246,665.570080012077
-245,640.535976751208
-244,622.820413647343
-243,600.795286835749
-242,586.12551781401
-241,572.748882850242
-240,563.328700181159
-239,555.425086050725
-238,543.192436594203
-237,535.026236413044
-236,526.457090881642
-235,518.902897041063
-234,511.422715881643
-233,504.044458031401
-232,497.805099637681
-231,492.065489130435
-230,486.207469806763
-229,480.796711956522
-228,474.970084541063
-227,470.325985809179
-226,465.813313707729
-225,461.452136171498
-224,457.345209842995
-223,452.608982487923
-222,448.159944142512
-221,443.897730978261
-220,440.025600845411
-219,436.026550422705
-218,432.162092391304
-217,428.707578502415
-216,423.493066123188
-215,420.576509661836
-214,417.794770531401
-213,414.904221014493
-212,411.142131642512
-211,408.458458635266
-210,404.218372584541
-209,402.502694746377
-208,398.86233544686
-207,396.138484299517
-206,393.480096618357
-205,391.118057065217
-204,388.452205615942
-203,385.881728562802
-202,406.481641002415
-201,697.035611413043
-200,883.112477355072
-199,841.442503019324
-198,804.142095410628
-197,760.042169384058
-196,725.872575483092
-195,696.600631038647
-194,674.446058272947
-193,654.168082729468
-192,639.430463466184
-191,625.554217995169
-190,611.249682971015
-189,601.583411835749
-188,592.213310688406
-187,582.493106884058
-186,572.881088466184
-185,564.67367602657
-184,557.050324577295
-183,549.802077294686
-182,543.173195954106
-181,535.863078200483
-180,529.145413647343
-179,527.063600543478
-178,518.626802536232
-177,512.193983997584
-176,506.649497282609
-175,501.203517512077
-174,496.918845108696
-173,492.052083333333
-172,487.069479166667
-171,482.889279891304
-170,478.101313405797
-169,473.946111111111
-168,470.140116243961
-167,465.818466183575
-166,461.95382397343
-165,457.810593297101
-164,454.006802536232
-163,450.544148550725
-162,448.05851147343
-161,444.306911231884
-160,439.831601751208
-159,436.674933574879
-158,433.762875905797
-157,430.772059178744
-156,427.828534118357
-155,424.986391908213
-154,422.206286231884
-153,419.92089673913
-152,420.954402173913
-151,608.168395229469
-150,915.659978864734
-149,911.371135265701
-148,879.880300422705
-147,841.090058876811
-146,804.855750301932
-145,771.481263586957
-144,745.876551932367
-143,724.824832427536
-142,703.671003925121
-141,688.677669082126
-140,674.519584842995
-139,660.331589673913
-138,648.128953804348
-137,638.420928442029
-136,629.07349486715
-135,619.447068236715
-134,610.721477958937
-133,603.398615640097
-132,594.984577294686
-131,587.249809782609
-130,580.371980676328
-129,573.349753925121
-128,567.244365942029
-127,560.323014794686
-126,553.957397342995
-125,548.033185386473
-124,542.853742451691
-123,538.693638285024
-122,532.708064613527
-121,527.694056461353
-120,522.990418176328
-119,518.382792874396
-118,513.777474335749
-117,509.65481129227
-116,504.990019625604
-115,500.880511775362
-114,495.775646135266
-113,492.525872584541
-112,488.728834541063
-111,484.916405495169
-110,480.792181461353
-109,476.540475543478
-108,473.602786835749
-107,469.672092391304
-106,466.748580917874
-105,463.488458635266
-104,461.717341485507
-103,457.814039855072
-102,460.006654589372
-101,748.709008152174
-100,992.602010869565
-99,950.603484299517
-98,916.610554045894
-97,875.773230676329
-96,836.280055857488
-95,803.248890398551
-94,776.369557669082
-93,754.43922705314
-92,736.377602657005
-91,719.382427536232
-90,705.448549214976
-89,692.359586352657
-88,680.048484299517
-87,670.307788345411
-86,658.62645531401
-85,650.094800724638
-84,641.370134359903
-83,632.648811896135
-82,624.406890096618
-81,617.621846316425
-80,611.382945350241
-79,603.812768719807
-78,596.32518115942
-77,590.289785628019
-76,583.757637379227
-75,576.947717391304
-74,571.401394927536
-73,564.583143115942
-72,558.365093599034
-71,554.46790307971
-70,549.255069444445
-69,544.658526570048
-68,539.701873490338
-67,534.920480072464
-66,531.219901871981
-65,526.085753321256
-64,521.86983544686
-63,517.875576690821
-62,512.900102657005
-61,508.852791364734
-60,504.198283514493
-59,500.754995471014
-58,497.065760869565
-57,493.191847826087
-56,489.993180857488
-55,486.76171044686
-54,483.004409722222
-53,480.808038949275
-52,479.1435522343
-51,790.080939009662
-50,949.088022342995
-49,989.101912741546
-48,959.227484903382
-47,926.056921799517
-46,883.972531702899
-45,848.840692934783
-44,823.261701388889
-43,797.545413647343
-42,778.06882397343
-41,761.376153381643
-40,744.426953502415
-39,731.967057669082
-38,719.976459842995
-37,708.383159722222
-36,697.592898550725
-35,688.177978562802
-34,679.504699577295
-33,670.091870471014
-32,661.464676932367
-31,653.547744565217
-30,646.4209375
-29,638.911372282609
-28,632.432152777778
-27,625.986265096618
-26,619.508325785024
-25,612.879963768116
-24,606.988615640097
-23,600.804198369565
-22,594.859195350242
-21,589.334642210145
-20,584.394907910628
-19,578.358689613527
-18,573.835449879227
-17,568.317753623188
-16,563.375991847826
-15,559.077558876812
-14,554.661185084541
-13,549.528291062802
-12,545.356242451691
-11,540.796637983092
-10,536.307575483092
-9,532.03496678744
-8,526.986683272947
-7,524.255869565217
-6,520.447231280193
-5,516.438263888889
-4,513.115573671497
-3,509.252062198068
-2,508.624032306763
-1,709.285711050725
0,1035.47106582126
1,1023.48820199275
2,994.172986111111
3,955.89229468599
4,914.673517512077
5,879.680043780193
6,850.255209842995
7,825.902472826087
8,805.097658514493
9,787.876674214976
10,770.630769927536
11,756.658368055556
12,743.617297705314
13,731.445437801932
14,721.377928743961
15,711.236536835749
16,701.761663647343
17,691.996031099034
18,683.492226751208
19,676.437604166667
20,667.988063103865
21,660.85049365942
22,654.638908514493
23,647.087264492754
24,641.232712862319
25,635.185813707729
26,628.041228864734
27,621.582589070048
28,615.713644323671
29,609.272267512077
30,604.126598731884
31,598.525282306763
32,593.244222524155
33,587.191301328502
34,582.424838466184
35,577.186366243961
36,572.512691727053
37,567.61291968599
38,562.892746074879
39,558.810374396135
40,554.150837862319
41,549.929615036232
42,545.440794082126
43,541.452678140097
44,537.347119565217
45,534.098191425121
46,530.210839371981
47,526.360680857488
48,523.895294384058
49,637.431829710145
50,971.093004227053
51,1024.80603562802
52,1009.02178743961
53,984.911243961353
54,951.169252717391
55,918.421271135266
56,888.776298309179
57,862.911776871981
58,841.134649758454
59,822.471186594203
60,805.359254227053
61,789.963146135266
62,774.267404891304
63,762.999519927536
64,750.909566727053
65,739.680638586956
66,729.496631944444
67,719.486096014493
68,710.679841485507
69,703.616921799517
70,695.38986865942
71,687.411086956522
72,680.183525060386
73,673.894779589372
74,667.025679347826
75,660.267071256039
76,654.39464673913
77,648.512308272947
78,643.05604468599
79,637.451191123188
80,630.580215881642
81,625.122966485507
82,619.004538043478
83,613.454085144928
84,607.720378925121
85,602.749737318841
86,597.309290458937
87,592.464497282609
88,587.707515096618
89,582.975558574879
90,578.444666364734
91,573.452205615942
92,568.910810688406
93,564.950917874396
94,560.47239281401
95,556.572326388889
96,552.738485809179
97,548.569975845411
98,546.205446859903
99,679.63303442029
100,984.841171497584
101,1021.41746527778
102,1001.22863375604
103,975.481950483092
104,944.454057971014
105,913.701002415459
106,888.413333333333
107,865.513731884058
108,845.309436896135
109,827.956147342995
110,812.012546799517
111,798.155351751208
112,784.374236111111
113,771.779299516908
114,760.413035929952
115,750.403695652174
116,739.691186594203
117,730.339014190821
118,721.411295289855
119,713.058796799517
120,704.759841485507
121,698.340714070048
122,691.29095410628
123,684.029619565217
124,677.680199275362
125,671.807706823671
126,665.38227807971
127,661.396548913043
128,655.351944444444
129,649.180416666667
130,643.13358544686
131,636.728516002415
132,630.932364130435
133,625.214855072464
134,619.929984903382
135,614.324359903382
136,609.170708031401
137,604.133274456522
138,599.231734601449
139,594.332421497585
140,589.564838466184
141,585.017435084541
142,580.548956823671
143,575.957806461353
144,571.633349939613
145,567.517792874396
146,563.361491545894
147,560.207717391304
148,556.602767210145
149,589.029338768116
150,951.8836352657
151,956.1628125
152,961.857883454106
153,954.017746074879
154,935.252262983092
155,914.236929347826
156,892.779577294686
157,872.399938103865
158,853.763834541063
159,837.161483997584
160,821.867291666667
161,807.928277475845
162,795.044281400966
163,782.833185386473
164,771.508309178744
165,760.912475845411
166,751.035759359903
167,741.542350543478
168,732.629978864734
169,724.101926328502
170,715.92129076087
171,708.178564311594
172,700.855940519324
173,693.839470108696
174,687.680126811594
175,681.994263285024
176,675.783428442029
177,671.502253925121
178,667.030855978261
179,661.170058876812
180,654.944205917874
181,648.882009359903
182,643.057889492753
183,637.157773248792
184,631.586038647343
185,626.276129227053
186,621.151704408212
187,615.913137077295
188,610.751733091787
189,605.903260869565
190,601.133636775362
191,596.545916364734
192,591.596859903382
193,587.449276871981
194,583.17119263285
195,579.165599335749
196,574.934781099034
197,571.206906702899
198,568.78018115942
199,633.238654891304
200,927.019595410628
201,955.200413647343
202,949.033952294686
203,939.860501207729
204,921.172768719807
205,901.814888285024
206,881.897240338164
207,863.944332729469
208,848.010013586957
209,832.231909722222
210,818.355984299517
211,804.999148550725
212,792.990173611111
213,781.389159118357
214,770.608522041063
215,760.683707729469
216,750.951022041063
217,741.919245169082
218,733.034974335749
219,725.120597826087
220,717.171067330918
221,709.640474033816
222,702.330128321256
223,695.332234299517
224,688.74370923913
225,682.132472826087
226,677.407554347826
227,674.607655495169
228,669.903663949275
229,663.504547101449
230,657.613205012077
231,651.374113828502
232,645.790824275362
233,640.009551630435
234,634.450051328502
235,629.001674214976
236,623.859100241546
237,618.956737620773
238,613.666675724638
239,609.137632850242
240,604.393620169082
241,599.589298007246
242,595.082750603865
243,590.633831521739
244,586.386607789855
245,582.18331370773
246,577.963488828502
247,574.143612620773
248,571.181174516908
249,599.48315821256
250,734.312246376812
251,856.892797403382
252,882.111514190821
253,887.684293478261
254,884.08880736715
255,874.643778683575
256,861.990600845411
257,848.35693236715
258,834.116393417874
259,821.484486714976
260,810.066530797101
261,799.385472524155
262,788.382226751208
263,777.884512379227
264,768.42161986715
265,758.834230072464
266,749.935474033816
267,741.591695350241
268,733.516927838164
269,725.591177536232
270,718.140425724638
271,711.035375905797
272,704.26699879227
273,697.393666968599
274,691.014731280193
275,685.619471618358
276,680.450282306763
277,675.575735205314
278,671.638763586956
279,667.1951977657
280,661.246476449275
281,655.557477355072
282,649.808739432367
283,644.228387681159
284,638.821280193237
285,633.634769021739
286,628.560557065217
287,623.742125603865
288,618.846086956522
289,613.845825785024
290,609.206823671498
291,604.780742753623
292,600.079627113526
293,595.686816123188
294,591.613745471014
295,587.166272644928
296,583.402151268116
297,579.433345410628
298,576.000576690821
299,600.95553442029
300,859.18498339372
301,840.226511171497
302,850.07203955314
303,855.71720410628
304,851.256853864734
305,843.877232789855
306,834.139711654589
307,823.986515700483
308,813.013508454106
309,802.757572463768
310,792.503134057971
311,782.556721014493
312,773.843656400966
313,764.388170289855
314,755.831929347826
315,747.209631642512
316,739.00099486715
317,731.767290157005
318,724.167108997585
319,717.137998188406
320,710.47602807971
321,703.532430555555
322,697.123203502415
323,690.77904589372
324,685.354051932367
325,680.679560688406
326,675.764474637681
327,671.816496074879
328,667.781345108696
329,662.118137077295
330,656.30431763285
331,650.807172403381
332,645.278888888889
333,639.818297101449
334,634.725134359903
335,629.613980978261
336,624.681816123188
337,619.896188103865
338,614.985484601449
339,610.414430857488
340,605.885252113527
341,601.506666666667
342,597.111019021739
343,592.875628019323
344,588.706452294686
345,584.677971014493
346,580.677412439613
347,576.790366847826
348,573.767317330918
349,574.364485205314
350,666.107167874396
351,754.800599335749
352,786.651570048309
353,805.322649456522
354,815.177782306763
355,816.291058272947
356,812.148641304348
357,807.791930857488
358,799.105455917874
359,789.870656702899
360,782.208227657005
361,773.887252415459
362,765.741494565217
363,757.707199577295
364,749.927303743961
365,741.910782004831
366,733.962202596618
367,726.899802234299
368,719.986417572464
369,713.604524456522
370,706.758298611111
371,700.633641304348
372,694.648191425121
373,689.124981884058
374,683.687324879227
375,679.021739130435
376,674.253268417875
377,669.171751207729
378,665.120217391304
379,659.995191727053
380,654.280098128019
381,648.561654589372
382,643.070780495169
383,638.16580615942
384,632.936515700483
385,627.948167270531
386,622.91910326087
387,617.924279891304
388,613.324833937198
389,608.482157306763
390,604.059394625604
391,599.635431763285
392,595.23404589372
393,590.835119263285
394,586.733967391304
395,582.726437198068
396,578.89779589372
397,574.885987318841
398,571.597551328502
399,571.800095108696
400,639.395653683575
401,703.506731582126
402,736.814473128019
403,757.508102355072
404,769.021548913043
405,773.537735507246
406,773.409932065217
407,770.476814613527
408,765.685502717391
409,760.103455615942
410,754.118612620773
411,747.823442028985
412,741.535409118358
413,735.052222222222
414,728.4283227657
415,722.374823369565
416,716.105442330918
417,709.99972826087
418,703.785650664251
419,697.999131944444
420,692.877524154589
421,687.530647644928
422,682.93148852657
423,677.906785929952
424,673.363614130435
425,668.965161533816
426,664.78376660628
427,659.980397041063
428,654.600054347826
429,649.56763134058
430,644.290982789855
431,639.388342391304
432,634.369355374396
433,629.527291666667
434,624.800673309179
435,620.132638888889
436,615.70786986715
437,611.360522342995
438,607.005043780193
439,602.637240338164
440,598.450172101449
441,594.340852958937
442,590.310578200483
443,586.345650664251
444,582.478123490338
445,578.673192934783
446,574.910581219807
447,571.540708031401
448,568.768097826087
449,566.84439160628
450,596.432955917874
451,656.936029589372
452,692.980742753623
453,720.45106884058
454,740.085169082126
455,749.733268417874
456,755.88694897343
457,756.244014190821
458,756.127279589372
459,752.087264492754
460,748.844714673913
461,743.462735507246
462,738.089501811594
463,732.888257850242
464,726.148836050725
465,720.258819444444
466,714.528383152174
467,708.794442934782
468,702.726496074879
469,697.046847826087
470,692.585634057971
471,687.720625
472,682.529217995169
473,677.810578200483
474,673.153448067633
475,668.563005736715
476,664.411666666667
477,660.328887379227
478,655.162741545894
479,649.709984903382
480,644.584065519324
481,639.509658816425
482,634.770561594203
483,630.184743357488
484,625.345869565217
485,620.929919987923
486,616.10492602657
487,611.879302536232
488,607.597145229468
489,603.285301932367
490,599.216271135266
491,595.189713164251
492,591.167743055556
493,587.239826388889
494,583.224767512077
495,579.107293176329
496,575.937655495169
497,572.060324577295
498,568.873352958937
499,567.939139492754
500,605.917549818841
501,637.73163647343
502,666.727800422705
503,693.575217391304
504,709.765925422705
505,722.348522041063
506,729.257525664251
507,730.85523852657
508,731.185833333333
509,729.191088466183
510,726.727912137681
511,723.342214673913
512,718.50400513285
513,714.35976147343
514,709.554127415459
515,705.20316576087
516,700.81882397343
517,696.206274154589
518,691.361203200483
519,686.419376509662
520,682.183072161836
521,677.609459541063
522,672.781499094203
523,668.731888586956
524,664.279008152174
525,660.407835144928
526,655.637601147343
527,650.657078804348
528,645.830694444444
529,640.940892210145
530,636.063153683575
531,631.69370923913
532,626.775120772947
533,622.444856582126
534,617.80972071256
535,613.729128925121
536,609.386292270531
537,605.084367451691
538,600.939915458937
539,596.750868055556
540,592.838493357488
541,588.896757246377
542,585.053411835749
543,581.197679649759
544,577.646073369565
545,573.982202596618
546,570.215957125604
547,566.672996678744
548,564.054814311594
549,561.664214975845
550,569.826147342995
551,591.722035024155
552,616.974485205314
553,642.30148852657
554,662.499756944444
555,679.125357789855
556,690.568565821256
557,695.998094806763
558,701.21858544686
559,701.742081823671
560,702.758668478261
561,701.790964673913
562,699.108574879227
563,696.715004528986
564,693.351411533816
565,690.108961352657
566,686.508562801932
567,683.209714673913
568,679.294900362319
569,675.135469504831
570,671.431461352657
571,667.635036231884
572,663.393535628019
573,660.009073067633
574,655.69816576087
575,651.586224335749
576,647.019865640097
577,642.425080012077
578,638.003535628019
579,633.342072765701
580,629.129699577295
581,625.085045289855
582,620.684693538647
583,616.301468900966
584,612.356043176329
585,608.215738224638
586,604.392570954106
587,600.290797101449
588,596.225416666667
589,592.427373188406
590,588.675188707729
591,585.105709541063
592,581.247570954106
593,577.571467391304
594,573.853967391304
595,570.420540458937
596,567.004762983092
597,563.73171044686
598,560.800078502415
599,558.738046497584
600,577.332835144928
601,585.646188103865
602,603.883100845411
603,626.945655193237
604,646.086914251208
605,661.639941123188
606,672.374396135266
607,678.915643115942
608,684.138366545894
609,687.252438103865
610,687.864133454106
611,687.719397644928
612,686.135975241546
613,684.649337258454
614,682.529756944444
615,679.575943538647
616,676.359592391304
617,673.006496074879
618,669.51308423913
619,666.433825483092
620,663.012044082125
621,659.029797705314
622,655.996625905797
623,652.315398550725
624,647.996926328502
625,643.777810990338
626,639.140409118357
627,634.793401268116
628,630.657891002415
629,626.492468297102
630,622.378257850241
631,618.124524456522
632,614.119435386473
633,609.974696557971
634,606.064177234299
635,602.164876207729
636,598.217481884058
637,594.420301932367
638,590.602380736715
639,586.992166364734
640,583.329779589372
641,579.605807669082
642,576.236696859903
643,572.725179649758
644,569.079494263285
645,565.671933876812
646,562.512427536232
647,559.164394625604
648,556.344390096618
649,554.395729166667
650,557.997608695652
651,567.598535628019
652,577.48213013285
653,594.803245772947
654,612.362528683575
655,627.533230676328
656,639.579269323671
657,649.227733997585
658,656.079088164251
659,660.37171044686
660,663.02713768116
661,664.354519927536
662,664.661905193237
663,664.390637077295
664,663.369501811594
665,661.649758454106
666,659.336788949275
667,656.631186594203
668,653.583032910628
669,651.83340428744
670,649.090141908213
671,645.55416968599
672,641.924791666667
673,638.489279891304
674,634.525505736715
675,630.980955615942
676,627.186754227053
677,623.407918176329
678,619.565579710145
679,615.930111714976
680,612.145801630435
681,608.499986413044
682,604.705769927536
683,601.164313103865
684,597.562000301932
685,593.794101751208
686,590.400751811594
687,586.889867149758
688,583.376717995169
689,579.774563707729
690,576.183153683575
691,573.003636775362
692,569.721677234299
693,566.393057065217
694,563.185966183575
695,559.882788345411
696,556.624811292271
697,553.528048007246
698,551.01467089372
699,549.279655797101
700,561.980389492754
701,562.903362016908
702,566.578355978261
703,578.903627717391
704,593.899263285024
705,607.606289251208
706,619.784326690821
707,629.259399154589
708,635.426326992754
709,640.835679347826
710,643.824239130435
711,646.720585748792
712,647.294649758454
713,647.841343599034
714,647.666819142512
715,647.730357789855
716,647.032515096618
717,645.282954408213
718,642.784224033816
719,640.429492753623
720,637.642169384058
721,634.703956823672
722,631.87279589372
723,628.897898550725
724,625.50080615942
725,622.045412137681
726,618.76242602657
727,615.772377717391
728,612.493491847826
729,609.198592995169
730,605.721938405797
731,602.49689160628
732,599.031390398551
733,595.775018115942
734,592.416930857488
735,589.25391455314
736,585.75959692029
737,582.529698067633
738,579.274217995169
739,576.058996074879
740,572.66463013285
741,569.502496980676
742,566.432374698068
743,563.205929951691
744,560.18574879227
745,556.9901977657
746,554.149885265701
747,551.283070652174
748,548.544039855072
749,546.876041666667
750,548.914180253623
751,557.610126811594
752,555.5859375
753,563.029166666667
754,572.531725543478
755,584.169714673913
756,595.348212560387
757,604.541345108696
758,612.943398248792
759,619.669705615942
760,624.721396437198
761,627.908496376812
762,630.649181763285
763,631.126520229469
764,632.167537741546
765,631.203688103865
766,631.089809782609
767,629.835166062802
768,628.072975543478
769,626.328285024155
770,624.513525060386
771,622.003005736715
772,619.700625
773,617.169723731884
774,614.334147041063
775,611.262250905797
776,608.747151268116
777,605.875914855072
778,602.956405495169
779,599.644252717391
780,596.64768115942
781,593.836844806763
782,590.758448067633
783,587.780099637681
784,584.448873792271
785,581.478020833333
786,578.476567028986
787,575.329405193237
788,572.359450483092
789,569.320134359903
790,566.316944444445
791,563.500502717391
792,560.356689311594
793,557.185653683575
794,554.600982789855
795,551.718644323671
796,549.001160929952
797,546.153961352657
798,543.356016002415
799,541.630243055556
800,545.357493961353
801,550.69604468599
802,550.066936896135
803,555.319740338164
804,562.472868357488
805,571.648260869565
806,580.888458635266
807,589.371160929952
808,596.674913949275
809,602.529492753623
810,607.099553140097
811,610.033186896135
812,612.887185990338
813,614.421749698068
814,615.635868055556
815,615.642506038647
816,614.633493357488
817,614.211317934783
818,612.908721316425
819,611.904060990338
820,610.364064009662
821,608.375522342995
822,606.642124094203
823,604.051542874396
824,601.741909722222
825,599.368523550725
826,596.703244263285
827,594.095262681159
828,591.669935084541
829,588.524060990338
830,585.744344806763
831,583.233771135266
832,580.339497282609
833,577.631372282609
834,574.752901570048
835,571.945467995169
836,568.995081521739
837,565.940431763285
838,563.271524758454
839,560.258229166667
840,557.443836050725
841,554.720584239131
842,551.739097222222
843,549.07097826087
844,546.292800422705
845,543.550019625604
846,540.861482487923
847,538.121151871981
848,535.846191123188
849,535.459060990338
850,535.201864432367
851,539.510102657005
852,538.981657608696
853,540.108599033817
854,545.52691576087
855,551.944535024154
856,560.648167270531
857,568.605048309179
858,575.762632850242
859,581.658982487923
860,586.439566727053
861,591.668254830918
862,595.231798007246
863,596.922580012077
864,598.744230072464
865,599.958395229468
866,600.119649758454
867,600.576328502415
868,599.987427536232
869,599.451464371981
870,598.36840428744
871,596.80325634058
872,595.437028985507
873,593.662463768116
874,591.311278683575
875,589.608896437198
876,587.529604468599
877,585.012015398551
878,582.930169082126
879,580.74803442029
880,578.103903985507
881,575.60397192029
882,573.151719504831
883,570.581734601449
884,567.9269897343
885,565.211609299517
886,562.645913345411
887,560.013798309179
888,557.374743357488
889,554.984331219807
890,552.19089673913
891,549.642213164251
892,546.855187198068
893,543.959900362319
894,541.444631642512
895,539.169729770531
896,536.60198218599
897,533.73723731884
898,531.79360205314
899,530.714293478261
900,530.811219806763
901,537.162119565217
902,537.298863224638
903,536.586364734299
904,539.661120169082
905,545.042374698068
906,551.368599033816
907,557.482518115942
908,564.254716183575
909,569.406737620773
910,574.526419082126
911,578.636630434783
912,581.494924516908
913,583.969014190821
914,585.79926781401
915,587.267142210145
916,587.877770229469
917,587.904800724638
918,587.576790458937
919,587.312496980676
920,586.709605978261
921,585.9476977657
922,584.381372282609
923,582.904764492754
924,581.047401871981
925,579.018565821256
926,577.393355978261
927,575.464011171498
928,573.493328804348
929,571.498816425121
930,569.253543176329
931,566.83440821256
932,564.809560688406
933,562.496811594203
934,560.008389190821
935,557.402142210145
936,554.930964673913
937,552.670138888889
938,550.041317934783
939,547.46084692029
940,545.289770531401
941,542.758351449275
942,540.228589975845
943,537.732906099034
944,535.334716183575
945,532.991150362319
946,530.342921195652
947,528.162737016908
948,526.699450483092
949,524.435943538647
950,526.213007246377
951,528.757339975845
952,527.995240036232
953,527.180400060386
954,528.330637077295
955,530.910943538647
956,535.450111714976
957,540.339500301932
958,545.900400060386
959,551.211059782609
960,555.856440217391
961,559.666029589372
962,563.233097826087
963,566.340902777778
964,568.24220410628
965,569.861253019324
966,570.568428442029
967,571.568481280193
968,572.093324275362
969,572.067164855072
970,571.794171195652
971,571.207743055556
972,570.117424516908
973,569.06972071256
974,568.563980978261
975,566.628073671498
976,565.488435990338
977,563.727238828502
978,562.229148550725
979,560.389830917874
980,558.11796044686
981,556.640834842995
982,554.32453955314
983,552.421920289855
984,550.245004528986
985,547.863445048309
986,545.769710144927
987,543.744171195652
988,541.29650513285
989,539.254658816425
990,537.05755736715
991,534.500138888889
992,532.515727657005
993,529.986918780193
994,527.961243961353
995,525.806541364734
996,523.35588013285
997,521.284458031401
998,518.882895531401
999,517.115246074879
1000,517.316758756039
1001,522.994396135266
1002,522.402208635266
1003,521.537951388889
1004,522.204672403382
1005,524.498854166667
1006,527.21755736715
1007,531.506837258454
1008,536.215196256039
1009,541.058925120773
1010,545.605243055556
1011,549.301586654589
1012,552.385828804348
1013,556.128718297101
1014,557.837314311594
1015,559.946644021739
1016,561.633297101449
1017,562.114628623188
1018,562.853031400966
1019,562.997125603865
1020,562.85347826087
1021,562.801035628019
1022,562.163506944444
1023,561.673410326087
1024,560.225508756039
1025,559.516253019324
1026,558.011770833333
1027,556.534319142512
1028,555.268743961353
1029,553.275614432367
1030,551.762275060386
1031,550.167984601449
1032,548.356385869565
1033,546.275726147343
1034,544.268724335749
1035,542.289790157005
1036,540.353212560387
1037,538.302931763285
1038,536.02678442029
1039,534.172287137681
1040,531.667860809179
1041,529.583648852657
1042,527.63757397343
1043,525.295253623188
1044,523.154319142512
1045,521.039808272947
1046,518.795384963768
1047,517.007185990338
1048,514.98772192029
1049,515.047871376812
1050,514.1176977657
1051,516.234992451691
1052,516.201639492754
1053,515.988088768116
1054,514.363834541063
1055,514.607628321256
1056,516.151896135266
1057,518.541326992754
1058,521.837507548309
1059,525.249020229469
1060,528.818208031401
1061,531.89449879227
1062,535.215730676328
1063,537.823079710145
1064,540.279969806763
1065,542.173673007246
1066,543.458131038647
1067,545.273793780193
1068,546.019042874396
1069,546.040282306763
1070,546.916070350242
1071,546.924281400966
1072,546.718473731884
1073,546.425241545894
1074,545.364291968599
1075,544.015264190821
1076,543.797678140097
1077,542.333538647343
1078,541.438405797101
1079,539.99130736715
1080,538.581828200483
1081,536.938028381642
1082,535.6415625
1083,534.092139190821
1084,532.372652475845
1085,530.672107487923
1086,528.913517512077
1087,527.245923913043
1088,525.315999396135
1089,523.413839070048
1090,521.524266304348
1091,519.598688103865
1092,517.638386171497
1093,515.742198067633
1094,513.785706521739
1095,511.893374094203
1096,510.029115338164
1097,508.046520229469
1098,506.124101751208
1099,505.368919082126
1100,506.189198369565
1101,508.352640398551
1102,508.951162439614
1103,508.888366545894
1104,507.266198671498
1105,507.156061292271
1106,507.761221316425
1107,509.352657004831
1108,511.745191727053
1109,514.571583635266
1110,517.231781400966
1111,520.163571859903
1112,522.972148248792
1113,525.441705917874
1114,527.581248490338
1115,529.862336956522
1116,531.478312198068
1117,532.865561594203
1118,533.535241545894
1119,534.428079710145
1120,534.910615942029
1121,535.240602355072
1122,535.248605072464
1123,534.83996678744
1124,534.57209692029
1125,534.151257548309
1126,533.531280193237
1127,532.577575483092
1128,531.885733695652
1129,530.657641908213
1130,529.599192330918
1131,528.302946859903
1132,527.000834842995
1133,525.586502113527
1134,523.697151268116
1135,522.513836050725
1136,520.935812198068
1137,519.246203200483
1138,517.571221316425
1139,516.027625301932
1140,514.203221618357
1141,512.414729770531
1142,510.809402173913
1143,508.850025664251
1144,507.013321256039
1145,505.401704408212
1146,503.633392210145
1147,501.930067934783
1148,500.195706521739
1149,499.124586352657
1150,499.138799818841
1151,502.194444444444
1152,504.960706521739
1153,502.493980978261
1154,501.155513285024
1155,500.221262077295
1156,500.22745923913
1157,500.686615338164
1158,502.612697765701
1159,504.202871376812
1160,506.373876811594
1161,509.698522041063
1162,512.001813103865
1163,514.760706521739
1164,516.558093297101
1165,518.660336654589
1166,520.309291968599
1167,521.990769927536
1168,522.929891304348
1169,523.990323067633
1170,525.003351449275
1171,525.542051630435
1172,525.672030495169
1173,525.845134359903
1174,525.517712862319
1175,525.32964673913
1176,524.979483695652
1177,524.358722826087
1178,523.843334842995
1179,523.12273852657
1180,522.17239281401
1181,521.184962258454
1182,519.975979770531
1183,518.7623852657
1184,517.599587862319
1185,516.295964673913
1186,514.938611111111
1187,513.388609601449
1188,511.914429347826
1189,510.398885869565
1190,508.91205615942
1191,507.330064915459
1192,505.850544987923
1193,504.117084842995
1194,502.36073218599
1195,500.898206521739
1196,499.263571859903
1197,497.684880736715
1198,495.862490942029
1199,494.374791666667
1200,494.73873339372
1201,498.201811594203
1202,500.434495772947
1203,501.870563103865
1204,498.418854166667
1205,497.654486714976
1206,496.894980374396
1207,496.784560688406
1208,497.32251660628
1209,498.837181461353
1210,500.681782910628
1211,502.524939613527
1212,504.246912741546
1213,506.235076992754
1214,508.231551932367
1215,509.807826086957
1216,511.354221014493
1217,512.718993055556
1218,513.632169384058
1219,514.682844202899
1220,515.175976751208
1221,515.543416364734
1222,515.94032910628
1223,515.925197765701
1224,515.717563405797
1225,515.846109601449
1226,515.311491545894
1227,514.171751207729
1228,514.106242451691
1229,513.613117451691
1230,513.152758152174
1231,512.088811896135
1232,511.19435839372
1233,509.885593297101
1234,508.907978562802
1235,507.72455615942
1236,506.548448067633
1237,505.192530193237
1238,503.926173007246
1239,502.448245772947
1240,500.919993961353
1241,499.553854166667
1242,498.035741243961
1243,496.461554951691
1244,495.061589673913
1245,493.425140398551
1246,492.181997282609
1247,490.721577596618
1248,489.308648852657
1249,488.262999698068
1250,488.894426328502
1251,493.018432971014
1252,494.300250603865
1253,492.170552536232
1254,490.8411352657
1255,489.582826086957
1256,488.484092693237
1257,487.984424818841
1258,487.649094202898
1259,488.456662137681
1260,489.610356280193
1261,490.964282910628
1262,492.476568538647
1263,494.499121376812
1264,495.68450634058
1265,497.204933574879
1266,498.797693236715
1267,499.825931461353
1268,501.277634359903
1269,502.08810839372
1270,502.851547403382
1271,503.468072161836
1272,503.987279589372
1273,503.992388285024
1274,504.244190821256
1275,504.22509057971
1276,504.447854770531
1277,504.139137983092
1278,503.393446557971
1279,503.25772192029
1280,502.339663345411
1281,502.019483695652
1282,500.733647342995
1283,500.241396437198
1284,499.323268417874
1285,498.323685084541
1286,496.994239130435
1287,496.084400664251
1288,494.796633454106
1289,493.704470108696
1290,492.456171497584
1291,491.16066576087
1292,489.445224939614
1293,488.519820350242
1294,486.911911231884
1295,485.707596618358
1296,484.258594504831
1297,483.156407004831
1298,482.025703502415
1299,480.859326690821
1300,481.366909722222
1301,484.958997584541
1302,487.529486714976
1303,487.137638888889
1304,486.726222826087
1305,484.318620169082
1306,483.067900060386
1307,482.213514492754
1308,481.613312198068
1309,481.949468599034
1310,482.547580012077
1311,483.389957729469
1312,484.291385869565
1313,485.803244263285
1314,487.243509963768
1315,488.638855676328
1316,489.750514794686
1317,490.738852657005
1318,491.94650513285
1319,492.544261775362
1320,493.510819746377
1321,494.096245471014
1322,494.505173611111
1323,494.542835144928
1324,494.963657910628
1325,495.289000603865
1326,495.122105978261
1327,495.125557065217
1328,494.64489281401
1329,494.364059480676
1330,493.888429951691
1331,493.287015398551
1332,492.735822765701
1333,491.646272644927
1334,491.21759057971
1335,490.24671044686
1336,489.269806763285
1337,488.30231884058
1338,487.265984299517
1339,486.281751207729
1340,485.26856884058
1341,483.941702898551
1342,482.965466485507
1343,481.467767210145
1344,480.38654589372
1345,479.26736865942
1346,477.711973128019
1347,476.573189915459
1348,475.736547403382
1349,474.708651871981
1350,474.976515700483
1351,478.367249396135
1352,481.638855676328
1353,480.557240338164
1354,479.477741545894
1355,477.597765700483
1356,476.290957125604
1357,475.120905797101
1358,474.423025362319
1359,474.421135265701
1360,474.268069142512
1361,475.209811292271
1362,476.071639492753
1363,476.715907306763
1364,477.925676328502
1365,478.858679045894
1366,480.348218599034
1367,480.984658816425
1368,482.168292572464
1369,482.959772041063
1370,483.830246074879
1371,484.55413647343
1372,484.879035326087
1373,485.459394625604
1374,485.584661835749
1375,485.894275362319
1376,486.093745471014
1377,485.896565519324
1378,485.92994263285
1379,485.673484299517
1380,485.262281099034
1381,484.851871980676
1382,484.517149758454
1383,483.758333333333
1384,483.023760567633
1385,482.37244263285
1386,481.522093900966
1387,480.630309480676
1388,479.782622282609
1389,478.873532608696
1390,477.896080917874
1391,476.761915760869
1392,475.981500603865
1393,474.525695954106
1394,473.594455012077
1395,472.447284118357
1396,471.197786835749
1397,470.097807971014
1398,469.217013888889
1399,469.079399154589
1400,468.790146437198
1401,475.570119263285
1402,475.919464070048
1403,476.362788345411
1404,476.922151268116
1405,473.725852958937
1406,472.281189613527
1407,470.647028985507
1408,469.862880434782
1409,469.420935990338
1410,469.289089673913
1411,469.484864130435
1412,470.064196859903
1413,470.947205615942
1414,471.915211352657
1415,472.573864734299
1416,473.377270531401
1417,474.276725543478
1418,475.179134963768
1419,475.866470410628
1420,476.679178743961
1421,477.514658816425
1422,477.448019323671
1423,477.840392512077
1424,478.227969504831
1425,478.530632548309
1426,478.556591183575
1427,478.464938103865
1428,478.675720108696
1429,478.391731582126
1430,478.175042270531
1431,477.726573067633
1432,477.308022342995
1433,476.780286835749
1434,476.123644323671
1435,475.771714975845
1436,474.890939009662
1437,474.026628925121
1438,473.486740640097
1439,472.594689009662
1440,471.673694142512
1441,470.563863224638
1442,469.69097071256
1443,468.706814613527
1444,467.820751811594
1445,466.638318236715
1446,465.714477657005
1447,464.655579710145
1448,463.769378019324
1449,463.253990036232
1450,463.532706823672
1451,467.151776871981
1452,473.637116545894
1453,470.578201992754
1454,469.501701388889
1455,468.09043629227
1456,466.49722826087
1457,465.088057065217
1458,464.05963013285
1459,463.309214975845
1460,462.790309480676
1461,462.929586352657
1462,463.055549516908
1463,463.448185386473
1464,463.71244263285
1465,463.941126207729
1466,465.003614130435
1467,465.665780495169
1468,466.188201992754
1469,466.964426328502
1470,467.493203502415
1471,468.217121074879
1472,468.647841183575
1473,468.870677838164
1474,469.431962560386
1475,469.690310990338
1476,469.93551781401
1477,469.737063707729
1478,469.798647342995
1479,469.872423007246
1480,469.548968900966
1481,469.300794082126
1482,469.157881944444
1483,468.598647342995
1484,468.347379227053
1485,467.656647041063
1486,466.705021135266
1487,466.584524456522
1488,465.857643417874
1489,465.07637379227
1490,464.26424365942
1491,463.549275362319
1492,462.617584541063
1493,461.716040157005
1494,460.891826690821
1495,460.040874094203
1496,459.069867149758
1497,458.249628623188
1498,457.526971618357
1499,457.132567934783
1500,457.490908816425
1501,459.894255736715
1502,463.978254830918
1503,465.68058423913
1504,464.924661835749
1505,464.049883756039
1506,462.034156099034
1507,460.635209842995
1508,459.175185688406
1509,458.460152475845
1510,457.744972826087
1511,457.450700483092
1512,457.303405797101
1513,457.317730978261
1514,457.85115942029
1515,458.082462258454
1516,458.769749396135
1517,459.283312198068
1518,459.864894323671
1519,460.491538345411
1520,461.155333635266
1521,461.498365036232
1522,462.020902777778
1523,462.611387379227
1524,462.548358997585
1525,462.834826388889
1526,462.867477355072
1527,462.956509661836
1528,462.981618357488
1529,462.810769927536
1530,462.343325785024
1531,462.332195048309
1532,462.211121678744
1533,461.6930102657
1534,461.523372584541
1535,460.967761171498
1536,460.620742753623
1537,459.970890700483
1538,459.040356280193
1539,458.637145229469
1540,457.850777475845
1541,457.107699275362
1542,456.518520531401
1543,455.521295289855
1544,454.76852807971
1545,453.944690519324
1546,453.092035024155
1547,452.275945048309
1548,451.693707729469
1549,450.952978562802
1550,451.810395531401
1551,455.940327596618
1552,458.677644927536
1553,459.486147342995
1554,458.7708227657
1555,457.682016908212
1556,456.046736111111
1557,454.560102657005
1558,453.291328502415
1559,452.335762379227
1560,451.507663043478
1561,450.831570048309
1562,450.508508454106
1563,450.403502415459
1564,450.412161835749
1565,450.651959541063
1566,450.944791666667
1567,451.273846618358
1568,451.49913647343
1569,452.232448671498
1570,452.463849637681
1571,452.817525664251
1572,453.312761171498
1573,453.580777475845
1574,453.856769323672
1575,454.117013888889
1576,454.321647041063
1577,454.37075634058
1578,454.439784118357
1579,454.527418478261
1580,454.505054347826
1581,454.28967089372
1582,454.105855978261
1583,453.923342391304
1584,453.52418629227
1585,453.22772192029
1586,452.751304347826
1587,452.368695652174
1588,451.795227958937
1589,451.220412137681
1590,450.69299365942
1591,450.059276871981
1592,449.382740036232
1593,448.56828955314
1594,447.851844806763
1595,447.251601751208
1596,446.536813103865
1597,445.809888285024
1598,445.099592391304
1599,444.571096014493
1600,445.390104166667
1601,448.873156702899
1602,452.502809480676
1603,453.693774154589
1604,453.865226449275
1605,453.314279891304
1606,451.436591183575
1607,450.051580615942
1608,448.636052234299
1609,447.453349939613
1610,446.538698671498
1611,445.989912439613
1612,445.395828804348
1613,445.161207729469
1614,444.982679649758
1615,444.86498339372
1616,445.259479166667
1617,445.455594806763
1618,445.772009359903
1619,445.786275664251
1620,446.237164855072
1621,446.698362016908
1622,446.86626660628
1623,447.257628321256
1624,447.60336352657
1625,447.738146135266
1626,447.899841485507
1627,447.94907910628
1628,447.976029589372
1629,447.888121980676
1630,447.895463466184
1631,447.743534118357
1632,447.202984601449
1633,447.20879076087
1634,447.127922705314
1635,446.743079710145
1636,446.204689009662
1637,445.936935386473
1638,445.548192934783
1639,445.169412741546
1640,444.488484299517
1641,443.919261775362
1642,443.082036533817
1643,442.68448218599
1644,442.009889794686
1645,441.269640700483
1646,440.551514190821
1647,439.638026871981
1648,439.005975241546
1649,439.017238828502
1650,439.316345108696
1651,442.191592693237
1652,447.725782004831
1653,450.606979166667
1654,447.961530797101
1655,447.000688405797
1656,445.657376207729
1657,444.395051328502
1658,443.0325
1659,441.807955917874
1660,440.763919082126
1661,439.794298007246
1662,439.328340881642
1663,438.753310688406
1664,438.261239432367
1665,438.552214673913
1666,438.433707729469
1667,438.304560688406
1668,438.588497886473
1669,438.777774758454
1670,438.879497282609
1671,438.586935386473
1672,439.246721014493
1673,439.588813405797
1674,439.876038647343
1675,440.07154589372
1676,440.28805102657
1677,440.314461050725
1678,440.326568538647
1679,440.312395833333
1680,440.334850543478
1681,440.22273852657
1682,440.252264492754
1683,440.040538949275
1684,439.705674818841
1685,439.570360809179
1686,439.169110809179
1687,438.860552536232
1688,438.515706521739
1689,438.166512681159
1690,437.599787137681
1691,437.035034722222
1692,436.47803442029
1693,435.908463164251
1694,435.303266908212
1695,434.746962560386
1696,433.83119263285
1697,433.679371980676
1698,433.172657004831
1699,432.695486111111
1700,433.783907004831
1701,434.742492451691
1702,438.976772342995
1703,441.85481884058
1704,442.825993357488
1705,442.334344806763
1706,441.044491243961
1707,439.771034118357
1708,438.314239130435
1709,436.875922403382
1710,435.830982789855
1711,434.853679045894
1712,434.127646437198
1713,433.361322463768
1714,433.227398852657
1715,432.64285326087
1716,432.449628623188
1717,432.473573369565
1718,432.54924365942
1719,432.403455615942
1720,432.506882548309
1721,432.693686594203
1722,433.010401570048
1723,432.913830012077
1724,433.102969504831
1725,433.339187801932
1726,433.239749396135
1727,433.440990338164
1728,433.414064009662
1729,433.272801932367
1730,433.372566425121
1731,433.29464673913
1732,432.999196859903
1733,433.055045289855
1734,432.851166968599
1735,432.542116545894
1736,432.284051932367
1737,431.969115338164
1738,431.702924214976
1739,431.223525060386
1740,430.807542270531
1741,430.410738224638
1742,429.822327898551
1743,429.269821859903
1744,428.743900966184
1745,428.213990036232
1746,427.78647192029
1747,427.148553743961
1748,426.658724335749
1749,426.245621980676
1750,426.727567934783
1751,428.969950181159
1752,432.997346014493
1753,436.170282306763
1754,436.466053743961
1755,436.369770531401
1756,434.863200483092
1757,433.727027475845
1758,432.463567330918
1759,431.07708031401
1760,429.983322765701
1761,428.983120471014
1762,428.185069444444
1763,427.519750905797
1764,426.751755736715
1765,426.488520531401
1766,426.191822161836
1767,425.84419384058
1768,425.773041968599
1769,425.741360205314
1770,425.794338768116
1771,425.759059480676
1772,425.901852355072
1773,425.993055555555
1774,426.068194444444
1775,425.702942330918
1776,426.026813103865
1777,426.05926781401
1778,426.187201086956
1779,426.109766002415
1780,426.106702898551
1781,426.17132397343
1782,425.999085144928
1783,425.915327596618
1784,425.73915307971
1785,425.569583333333
1786,425.36013134058
1787,424.959841485507
1788,424.620898248792
1789,424.344544082126
1790,423.971893115942
1791,423.523197463768
1792,423.326621376812
1793,422.749622584541
1794,422.18924365942
1795,422.020214371981
1796,421.691861413043
1797,421.216560990338
1798,420.855298913043
1799,420.474207427536
1800,420.892691727053
1801,426.91012379227
1802,425.464578804348
1803,429.339041364734
1804,431.480004528986
1805,431.502044082126
1806,430.529047403382
1807,429.312931763285
1808,427.936391908212
1809,426.741017512077
1810,425.432081823671
1811,424.47536986715
1812,423.682924214976
1813,422.633556763285
1814,422.054515398551
1815,421.679116847826
1816,421.285711050725
1817,420.712561896135
1818,420.742460748792
1819,420.606376811594
1820,420.402810990338
1821,420.492814009662
1822,420.403283514493
1823,420.501390398551
1824,420.58347826087
1825,420.59915307971
1826,420.379731280193
1827,420.51606884058
1828,420.680335144928
1829,420.544732789855
1830,420.637548309179
1831,420.618393719807
1832,420.440230978261
1833,420.514541062802
1834,420.37979468599
1835,420.181536835749
1836,420.064376509662
1837,419.80606129227
1838,419.512548309179
1839,419.118327294686
1840,418.915421195652
1841,418.378908514493
1842,418.018520531401
1843,417.669304045894
1844,418.123905495169
1845,416.912087862319
1846,415.96900513285
1847,415.830422705314
1848,415.45617602657
1849,416.23602807971
1850,415.726160929952
1851,417.238721316425
1852,421.072821557971
1853,424.05940821256
1854,425.751567028986
1855,425.71808423913
1856,424.706239432367
1857,423.558694142512
1858,422.414941123188
1859,421.141790458937
1860,420.378390700483
1861,419.158194444444
1862,418.260362318841
1863,417.456096014493
1864,416.703596014493
1865,415.906168478261
1866,415.257415458937
1867,414.970424214976
1868,414.707205615942
1869,414.498851147343
1870,414.213224637681
1871,414.106452294686
1872,413.848792270531
1873,413.935700483092
1874,413.646955012077
1875,413.650720108696
1876,413.638891908213
1877,413.554239130435
1878,413.562954408213
1879,413.552836654589
1880,413.728707729469
1881,413.4817602657
1882,413.485769927536
1883,413.135644625604
1884,413.117711352657
1885,412.976923309179
1886,412.829993961353
1887,412.515215881643
1888,412.34796044686
1889,412.004178743961
1890,411.719814311594
1891,411.370544987923
1892,411.281708937198
1893,410.756639492754
1894,410.364051932367
1895,409.977552838164
1896,409.816875
1897,409.17288647343
1898,408.984458031401
1899,408.732670591787
1900,408.846964070048
1901,409.974956219807
1902,413.017480374396
1903,415.623820954106
1904,417.96615942029
1905,417.956139794686
1906,417.947178442029
1907,417.500537439613
1908,416.572862318841
1909,415.733061594203
1910,414.57879076087
1911,413.584349335749
1912,412.768247282609
1913,411.877353562802
1914,411.10620923913
1915,410.41489281401
1916,410.010765398551
1917,409.555762379227
1918,409.221773852657
1919,408.904615036232
1920,408.720323067633
1921,408.364246678744
1922,408.11840428744
1923,407.999666364734
1924,407.639880736715
1925,407.699373490338
1926,408.000298913043
1927,407.832844202899
1928,407.682401871981
1929,407.6620727657
1930,407.648242753623
1931,407.500009057971
1932,407.398573369565
1933,407.436349637681
1934,407.331388888889
1935,406.940800120773
1936,406.924562198068
1937,406.652436594203
1938,406.457030495169
1939,406.189992451691
1940,405.826464371981
1941,405.611453804348
1942,405.2748022343
1943,404.919156099034
1944,404.546511171498
1945,404.101613828502
1946,403.960027173913
1947,403.314331219807
1948,402.998491847826
1949,403.582010869565
1950,403.333227657005
1951,404.840744263285
1952,407.647634359903
1953,411.486974637681
1954,411.949485205314
1955,411.951967089372
1956,411.785250603865
1957,411.091459842995
1958,410.251129227053
1959,409.313303140097
1960,408.039962258454
1961,407.563600543478
1962,406.675045289855
1963,405.596849335749
1964,404.91828955314
1965,404.264347826087
1966,403.561073369565
1967,402.980433272947
1968,402.680474033816
1969,402.060505736715
1970,401.588559782609
1971,401.190055857488
1972,400.86911986715
1973,400.705046799517
1974,400.691405495169
1975,400.446248490338
1976,400.246151871981
1977,400.03477807971
1978,400.053230676328
1979,399.905942028985
1980,399.646890096618
1981,399.608555253623
1982,399.529088164251
1983,399.326677234299
1984,399.121259057971
1985,399.160354770531
1986,398.712057669082
1987,398.700892210145
1988,398.434682971014
1989,398.189168176329
1990,397.988781702899
1991,397.709178743961
1992,397.412940821256
1993,397.063377113526
1994,396.743197463768
1995,396.516740640097
1996,396.12869263285
1997,395.830712560386
1998,395.643458635266
1999,395.222912137681
2000,395.192641908213
2001,398.747924214976
2002,398.722717391304
2003,401.910945048309
2004,403.542412439613
2005,405.861793478261
2006,404.454689009662
2007,403.873274456522
2008,403.291553442029
2009,402.652339975845
2010,401.750063405797
2011,401.009187801932
2012,400.08240942029
2013,399.241106582126
2014,398.499803743961
2015,397.766319444444
2016,397.143636775362
2017,396.612877415459
2018,396.208260869565
2019,395.652546799517
2020,395.313599033816
2021,394.954101751208
2022,394.642928743961
2023,394.468825483092
2024,394.199930555556
2025,393.983965881643
2026,393.866772342995
2027,393.471259057971
2028,393.522592089372
2029,393.379642210145
2030,393.181040157005
2031,393.161133756039
2032,393.008425422705
2033,392.943173309179
2034,392.70101147343
2035,392.586171497585
2036,392.310745772947
2037,392.272515096618
2038,392.084512379227
2039,391.81690821256
2040,391.727445652174
2041,391.239607487923
2042,391.007806461353
2043,390.68472071256
2044,390.532253925121
2045,390.235650664251
2046,389.85772192029
2047,389.720964673913
2048,389.391644021739
2049,389.032152777778
2050,389.922195048309
2051,391.144861111111
2052,394.196902173913
2053,399.72805102657
2054,400.141725543478
2055,398.217300724638
2056,398.504402173913
2057,397.875172101449
2058,397.272021437198
2059,396.467015398551
2060,395.815976751208
2061,395.230640096618
2062,394.321253019324
2063,393.731625905797
2064,392.939319142512
2065,392.108520531401
2066,391.447720410628
2067,390.941453804348
2068,390.38639794686
2069,389.864429347826
2070,389.490929951691
2071,389.017543780193
2072,388.660268719807
2073,388.250703502415
2074,388.031180555555
2075,387.792866847826
2076,387.718005736715
2077,387.453369565217
2078,387.298719806763
2079,387.350471014493
2080,386.937000301932
2081,386.955
2082,386.646810084541
2083,386.741571557971
2084,386.379652777778
2085,386.312789855072
2086,386.25527928744
2087,385.773233695652
2088,385.834116847826
2089,385.54327294686
2090,385.341607789855
2091,384.980727657005
2092,384.839451992754
2093,384.694661835749
2094,384.1548852657
2095,384.215069444444
2096,383.971589673913
2097,383.620555555556
2098,383.485570652174
2099,383.408100845411
2100,383.423685084541
2101,384.676326992754
2102,389.306019021739
2103,391.827542270531
2104,392.65571557971
2105,393.701145833333
2106,393.398443538647
2107,392.843487318841
2108,392.18588013285
2109,391.354627113527
2110,390.599960748792
2111,389.884695048309
2112,389.150067934783
2113,388.307522644928
2114,387.633919082126
2115,387.076642512077
2116,386.27803442029
2117,385.698730374396
2118,385.165274758454
2119,384.54977807971
2120,384.031483997585
2121,383.468203502415
2122,383.133143115942
2123,382.907794384058
2124,382.552971014493
2125,382.354938103865
2126,381.947198067633
2127,381.728201992754
2128,381.71790307971
2129,381.392930253623
2130,381.241622886473
2131,381.116124698068
2132,380.979960748792
2133,380.752496980676
2134,380.600590277778
2135,380.362087862319
2136,380.351453804348
2137,380.153559782609
2138,379.996070350241
2139,379.601419082126
2140,379.434981884058
2141,379.249216485507
2142,378.877741545894
2143,378.73722826087
2144,378.472531702899
2145,378.198031400966
2146,378.10509057971
2147,377.805024154589
2148,377.697933272947
2149,377.515144927536
2150,377.843579408213
2151,379.538057065217
2152,382.595042270531
2153,386.504833937198
2154,390.505966183575
2155,388.397512077295
2156,388.408722826087
2157,387.590514794686
2158,386.726470410628
2159,385.957543780193
2160,385.26661986715
2161,384.486387379227
2162,383.860525362319
2163,383.062880434783
2164,382.141819142512
2165,381.753580917874
2166,381.069216485507
2167,380.307933272947
2168,379.916805555556
2169,379.303558272947
2170,378.872880434783
2171,378.420413647343
2172,377.993318236715
2173,377.41793629227
2174,377.172789855072
2175,376.764642210145
2176,376.587478864734
2177,376.15382397343
2178,376.02284571256
2179,375.732303743961
2180,375.311973128019
2181,375.286923309179
2182,375.19898852657
2183,374.944260265701
2184,374.74083031401
2185,374.451210748792
2186,374.254612016908
2187,374.114530495169
2188,373.989969806763
2189,373.688482789855
2190,373.497336956522
2191,373.29494263285
2192,372.695990338164
2193,372.900086050725
2194,372.550200785024
2195,372.367961956522
2196,372.275674818841
2197,372.2603125
2198,372.025593297101
2199,372.067291666667
2200,371.970804649758
2201,373.454566727053
2202,376.488896437198
2203,381.122726449275
2204,380.686853864734
2205,384.914781099034
2206,382.66717089372
2207,381.962530193237
2208,381.205724637681
2209,380.573876811594
2210,380.052918176328
2211,379.254181763285
2212,378.54895531401
2213,377.86803442029
2214,377.224020229469
2215,376.475688405797
2216,376.084190821256
2217,375.383629227053
2218,374.785985809179
2219,374.244442934783
2220,373.719584842995
2221,373.221440217391
2222,372.74669384058
2223,372.275172101449
2224,372.028654891304
2225,371.643760567633
2226,371.351772342995
2227,370.992042572464
2228,370.759755434783
2229,370.603168780193
2230,370.345276268116
2231,370.085099637681
2232,369.905804649758
2233,369.584382548309
2234,369.458890398551
2235,369.235560084541
2236,368.933440519324
2237,368.665878623188
2238,368.425831823672
2239,368.22138134058
2240,368.024790157005
2241,367.838805857488
2242,367.593979468599
2243,367.375442330918
2244,367.095795591787
2245,367.030175120773
2246,366.670214371981
2247,366.65184178744
2248,366.636881038647
2249,366.351798007246
2250,366.613579408213
2251,369.045981280193
2252,373.623964371981
2253,377.472282608696
2254,378.955009057971
2255,377.223958333333
2256,377.138695652174
2257,376.487593599034
2258,375.946645531401
2259,375.327948369565
2260,374.848217089372
2261,374.006826690821
2262,373.098639794686
2263,372.45379076087
2264,371.924642210145
2265,371.441607789855
2266,370.609275362319
2267,369.884399154589
2268,369.427895531401
2269,368.844616545894
2270,368.219806763285
2271,367.690573671498
2272,367.223887379227
2273,366.815172101449
2274,366.473155193237
2275,365.9909375
2276,365.621711956522
2277,365.31998339372
2278,365.021624396135
2279,364.594867149758
2280,364.338627717391
2281,363.972567934783
2282,363.883304649758
2283,363.286945954106
2284,363.260360809179
2285,363.111994263285
2286,362.620211352657
2287,362.484618055555
2288,362.279311594203
2289,362.013907004831
2290,361.71371678744
2291,361.538546195652
2292,361.260750301932
2293,360.983974939614
2294,360.892543780193
2295,360.588768115942
2296,360.443170289855
2297,360.550323067633
2298,360.315792572464
2299,360.235126811594
2300,359.956182065217
2301,361.145067934783
2302,363.550794082126
2303,371.628313707729
2304,368.684456521739
2305,370.082967995169
2306,371.046517210145
2307,370.517060688406
2308,370.030780495169
2309,369.265948067633
2310,368.631704408213
2311,368.065875603865
2312,367.379086654589
2313,366.660064915459
2314,366.148260869565
2315,365.428025362319
2316,364.783765096618
2317,364.33191576087
2318,363.648999094203
2319,363.235297403382
2320,362.736429649758
2321,362.227264492754
2322,361.760680857488
2323,361.284616545894
2324,360.660771437198
2325,360.31889794686
2326,360.132102958937
2327,359.561468900966
2328,359.405587258454
2329,359.096464371981
2330,358.646163949275
2331,358.469353864734
2332,358.207075785024
2333,358.014939613527
2334,357.734612016908
2335,357.507142210145
2336,357.166985205314
2337,357.050055857488
2338,356.791253019324
2339,356.655520833333
2340,356.372581521739
2341,356.058830012077
2342,355.915706521739
2343,355.590744263285
2344,355.476674214976
2345,355.15516455314
2346,354.993368055556
2347,354.77027928744
2348,354.905683876812
2349,354.649545591787
2350,356.270569142512
2351,359.392323369565
2352,363.079127415459
2353,364.995286835749
2354,365.745471014493
2355,366.007797403382
2356,365.714624094203
2357,365.425300422705
2358,364.709628623188
2359,364.101819142512
2360,363.351899154589
2361,362.85301781401
2362,362.473205012077
2363,361.44925120773
2364,360.992102958937
2365,360.303040458937
2366,359.57615942029
2367,359.139477657005
2368,358.426420591787
2369,357.890724637681
2370,357.370078502415
2371,356.851924818841
2372,356.343413345411
2373,355.778500905797
2374,355.433701690821
2375,354.975449879227
2376,354.402768719807
2377,354.120347222222
2378,353.757342995169
2379,353.250638586957
2380,352.994298007246
2381,352.536557971014
2382,352.386364734299
2383,352.143753019324
2384,351.728251811594
2385,351.601651570048
2386,351.299565217391
2387,351.069059480676
2388,350.837564915459
2389,350.636213768116
2390,350.267889492754
2391,349.983177838164
2392,349.750769927536
2393,349.601407004831
2394,349.38114281401
2395,349.037501509662
2396,348.96490942029
2397,348.919782608696
2398,348.828180857488
2399,348.644918478261
2400,348.846403985507
2401,349.620354770531
2402,351.737291666667
2403,356.039060990338
2404,362.841385869565
2405,360.399788647343
2406,360.666067330918
2407,360.071884057971
2408,359.275007548309
2409,358.685084541063
2410,357.814417270531
2411,357.217928743961
2412,356.405632548309
2413,355.776929347826
2414,355.219575785024
2415,354.380294384058
2416,354.053138586956
2417,353.546058272947
2418,352.821967089372
2419,352.246647041063
2420,351.729381038647
2421,351.217145229469
2422,350.762324879227
2423,350.20549365942
2424,349.575157004831
2425,349.270516304348
2426,348.869264794686
2427,348.486951992754
2428,348.224528985507
2429,347.916370772947
2430,347.27558423913
2431,347.130401570048
2432,346.838057065217
2433,346.635871074879
2434,346.206112620773
2435,345.861717995169
2436,345.563934178744
2437,345.448161231884
2438,345.221394927536
2439,344.930617451691
2440,344.714033816425
2441,344.552628321256
2442,343.990581219807
2443,343.754599939614
2444,343.802438103865
2445,343.352801932367
2446,343.299288949275
2447,343.102688707729
2448,342.952720410628
2449,342.935537439613
2450,343.109427838164
2451,346.949082125604
2452,348.882273550725
2453,351.81370923913
2454,354.547276570048
2455,356.865535929952
2456,356.714707125604
2457,355.916438707729
2458,355.12879076087
2459,354.30260718599
2460,353.496926328502
2461,352.279565217391
2462,352.087465277778
2463,351.319054951691
2464,350.637931763285
2465,349.987750603865
2466,349.448991545894
2467,348.911835748792
2468,348.413908514493
2469,347.874000603865
2470,347.231326992754
2471,346.794689009662
2472,346.285499698068
2473,345.801138285024
2474,345.372012379227
2475,344.787119565217
2476,344.29018115942
2477,343.913049516908
2478,343.465191727053
2479,342.932995169082
2480,342.573066123188
2481,342.273283514493
2482,342.030196256039
2483,341.728349939613
2484,341.327865338164
2485,341.089056461353
2486,340.925076992754
2487,340.661953502415
2488,340.334560688406
2489,340.18623339372
2490,339.971500603865
2491,339.647487922705
2492,339.4673022343
2493,339.281394927536
2494,339.054836956522
2495,338.947709842995
2496,338.727102958937
2497,338.667492451691
2498,338.581310386473
2499,338.470378925121
2500,338.743250301932
2501,339.037592089372
2502,341.427025966184
2503,345.64356884058
2504,350.74880736715
2505,349.623826992754
2506,350.998583937198
2507,350.664325181159
2508,350.492185990338
2509,349.454403683575
2510,348.613300120773
2511,348.038910024155
2512,347.467395833333
2513,346.76046044686
2514,346.253627717391
2515,345.504106280193
2516,345.072992149758
2517,344.191843297101
2518,343.908970410628
2519,343.397800422705
2520,342.712116545894
2521,342.067095410628
2522,341.730380434783
2523,341.336926328502
2524,340.820854468599
2525,340.315801630435
2526,339.981819142512
2527,339.517572463768
2528,339.149894323672
2529,338.633229166667
2530,338.462912137681
2531,337.986234903382
2532,337.723558272947
2533,337.299273852657
2534,337.124779589372
2535,336.819107789855
2536,336.50041968599
2537,336.104956219807
2538,335.916820652174
2539,335.653663949275
2540,335.317066727053
2541,335.02495923913
2542,334.836041666667
2543,334.543908514493
2544,334.37236865942
2545,334.145771437198
2546,333.862353562802
2547,333.809190821256
2548,333.726846316425
2549,333.534082125604
2550,333.940067934783
2551,334.893413345411
2552,337.115884661836
2553,340.89481884058
2554,347.127145229469
2555,346.653448067633
2556,346.777823067633
2557,346.344672403382
2558,345.774278381642
2559,344.908484299517
2560,344.238008756039
2561,343.680457427536
2562,342.886588164251
2563,342.198446557971
2564,341.560646135266
2565,340.923982487923
2566,340.382489432367
2567,339.963691123188
2568,339.334405193237
2569,338.546517210145
2570,338.182122584541
2571,337.699441425121
2572,337.154393115942
2573,336.72255736715
2574,336.379838466184
2575,335.764643719807
2576,335.276788949275
2577,334.883599033816
2578,334.586333031401
2579,333.964515398551
2580,333.615391002415
2581,333.370827294686
2582,332.870347222222
2583,332.546035628019
2584,332.15402173913
2585,331.834808272947
2586,331.456206219807
2587,331.280230978261
2588,330.919995471015
2589,330.532672101449
2590,330.291662137681
2591,329.99236865942
2592,329.605582729469
2593,329.414276871981
2594,329.173710748792
2595,328.848586956522
2596,328.856764794686
2597,328.874589371981
2598,328.619116847826
2599,328.554060990338
2600,328.952028985507
2601,329.010717089372
2602,331.073973429952
2603,335.618570350241
2604,339.578673007246
2605,340.176944444444
2606,342.823737922705
2607,341.451354166667
2608,340.718739432367
2609,339.941148852657
2610,339.187720410628
2611,338.498731884058
2612,337.761188103865
2613,337.19922705314
2614,336.548206521739
2615,335.705865036232
2616,335.180573671498
2617,334.681278683575
2618,334.086520229469
2619,333.724116847826
2620,333.125763888889
2621,332.635676328502
2622,332.270877113526
2623,331.681971618357
2624,331.165209842995
2625,330.619740338164
2626,330.205350241546
2627,329.812764190821
2628,329.27751660628
2629,328.971043176329
2630,328.625342693237
2631,328.209950181159
2632,327.823503925121
2633,327.464104770531
2634,326.969027777778
2635,326.82577294686
2636,326.531606280193
2637,326.084571256039
2638,325.858647342995
2639,325.596485507246
2640,325.282643417874
2641,325.067817028985
2642,324.806348128019
2643,324.504842995169
2644,324.205067934783
2645,324.007602657005
2646,323.594827898551
2647,323.320890700483
2648,323.049276871981
2649,322.821109601449
2650,322.490478562802
2651,322.081005434783
2652,321.720070954106
2653,321.549067028985
2654,321.145199275362
2655,320.996074879227
2656,320.74315821256
2657,320.330084541063
2658,320.190843900966
2659,319.982028985507
2660,319.508845108696
2661,319.178028381643
2662,318.947504528986
2663,318.665872584541
2664,318.249288949275
2665,317.99911986715
2666,317.770650664251
2667,317.478666968599
2668,316.95714673913
2669,316.562693236715
2670,316.419039855072
2671,315.898715277778
2672,315.583395229469
2673,315.355259661836
2674,314.826997282609
2675,314.552724939613
2676,314.206873490338
2677,313.985226449275
2678,313.500129830918
2679,313.200979770531
2680,312.764787137681
2681,312.417735507246
2682,312.060318538647
2683,311.664708635266
2684,311.286023550725
2685,310.902496980676
2686,310.435466485507
2687,309.970538949275
2688,309.590824275362
2689,309.24275513285
2690,308.939711654589
2691,308.458549214976
2692,308.029806763285
2693,307.630525362319
2694,307.220748792271
2695,306.729820350242
2696,306.332066727053
2697,305.785635567633
2698,305.406713466184
2699,305.039602958937
2700,304.655108695652
2701,304.188374094203
2702,303.783269927536
2703,303.272877415459
2704,302.512118055556
2705,302.171483997585
2706,301.782262983092
2707,301.194477657005
2708,300.746909722222
2709,300.202934782609
2710,299.849713164251
2711,299.318274456522
2712,298.960042270531
2713,298.340747282609
2714,297.918940217391
2715,297.478846618357
2716,296.934127415459
2717,296.552084842995
2718,296.024895833333
2719,295.517785326087
2720,295.207288647343
2721,294.615800120773
2722,294.136037137681
2723,293.572809480676
2724,293.070810688406
2725,292.734929045894
2726,292.160869565217
2727,291.767116545894
2728,291.231183574879
2729,290.775160024155
2730,290.311360205314
2731,289.72724486715
2732,289.331808574879
2733,288.75671044686
2734,288.342835144928
2735,287.770372886473
2736,287.292389794686
2737,286.81867602657
2738,286.317703804348
2739,285.7578125
2740,285.236150362319
2741,284.856416062802
2742,284.358525060386
2743,283.875043780193
2744,283.323999094203
2745,282.981683272947
2746,282.424880736715
2747,282.09090428744
2748,281.500825785024
2749,280.981396437198
2750,280.502629830918
2751,280.102053140097
2752,279.634738828502
2753,279.106169987923
2754,278.579121376812
2755,278.144189311594
2756,277.69551781401
2757,277.303746980676
2758,276.696846316425
2759,276.227355072464
2760,275.725366847826
2761,275.283004227053
2762,274.917608695652
2763,274.321876509662
2764,273.817136171498
2765,273.44431763285
2766,272.856416062802
2767,272.430461956522
2768,271.845623490338
2769,NaN
2770,NaN
2771,NaN
2772,NaN
2773,NaN
2774,NaN
2775,NaN
2776,NaN
2777,NaN
2778,NaN
2779,NaN
2780,NaN
2781,NaN
2782,NaN
2783,NaN
2784,NaN
2785,NaN
2786,NaN
2787,NaN
2788,NaN
2789,NaN
2790,NaN
2791,NaN
2792,NaN
2793,NaN
2794,NaN
2795,NaN
2796,NaN
2797,NaN
2798,NaN
2799,NaN
2800,NaN
2801,NaN
2802,NaN
2803,NaN
2804,NaN
2805,NaN
2806,NaN
2807,NaN
2808,NaN
2809,NaN
2810,NaN
2811,NaN
2812,NaN
2813,NaN
2814,NaN
2815,NaN
2816,NaN
2817,NaN
2818,NaN
2819,NaN
2820,NaN
2821,NaN
2822,NaN
2823,NaN
2824,NaN
2825,NaN
2826,NaN
2827,NaN
2828,NaN
2829,NaN
2830,NaN
2831,NaN
2832,NaN
2833,NaN
2834,NaN
2835,NaN
2836,NaN
2837,NaN
2838,NaN
2839,NaN
2840,NaN
2841,NaN
2842,NaN
2843,NaN
2844,NaN
2845,NaN
2846,NaN
2847,NaN
2848,NaN
2849,NaN
2850,NaN
2851,NaN
2852,NaN
2853,NaN
2854,NaN
2855,NaN
2856,NaN
2857,NaN
2858,NaN
2859,NaN
2860,NaN
2861,NaN
2862,NaN
2863,NaN
2864,NaN
2865,NaN
2866,NaN
2867,NaN
2868,NaN
2869,NaN
2870,NaN
2871,NaN
2872,NaN
2873,NaN
2874,NaN
2875,NaN
2876,NaN
2877,NaN
2878,NaN
2879,NaN
2880,NaN
2881,NaN
2882,NaN
2883,NaN
2884,NaN
2885,NaN
2886,NaN
2887,NaN
2888,NaN
2889,NaN
2890,NaN
2891,NaN
2892,NaN
2893,NaN
2894,NaN
2895,NaN
2896,NaN
2897,NaN
2898,NaN
2899,NaN
2900,NaN
2901,NaN
2902,NaN
2903,NaN
2904,NaN
2905,NaN
2906,NaN
2907,NaN
2908,NaN
2909,NaN
2910,NaN
2911,NaN
2912,NaN
2913,NaN
2914,NaN
2915,NaN
2916,NaN
2917,NaN
2918,NaN
2919,NaN
2920,NaN
2921,NaN
2922,NaN
2923,NaN
2924,NaN
2925,NaN
2926,NaN
2927,NaN
2928,NaN
2929,NaN
2930,NaN
2931,NaN
2932,NaN
2933,NaN
2934,NaN
2935,NaN
2936,NaN
2937,NaN
2938,NaN
2939,NaN
2940,NaN
2941,NaN
2942,NaN
2943,NaN
2944,NaN
2945,NaN
2946,NaN
2947,NaN
2948,NaN
2949,NaN
2950,NaN
2951,NaN
2952,NaN
2953,NaN
2954,NaN
2955,NaN
2956,NaN
2957,NaN
2958,NaN
2959,NaN
2960,NaN
2961,NaN
2962,NaN
2963,NaN
2964,NaN
2965,NaN
2966,NaN
2967,NaN
2968,NaN
2969,NaN
2970,NaN
2971,NaN
2972,NaN
2973,NaN
2974,NaN
2975,NaN
2976,NaN
2977,NaN
2978,NaN
2979,NaN
2980,NaN
2981,NaN
2982,NaN
2983,NaN
2984,NaN
2985,NaN
2986,NaN
2987,NaN
2988,NaN
2989,NaN
2990,NaN
2991,NaN
2992,NaN
2993,NaN
2994,NaN
2995,NaN
2996,NaN
2997,NaN
2998,NaN
2999,NaN
3000,NaN
3001,NaN
3002,NaN
3003,NaN
3004,NaN
3005,NaN
3006,NaN
3007,NaN
3008,NaN
3009,NaN
3010,NaN
3011,NaN
3012,NaN
3013,NaN
3014,NaN
3015,NaN
3016,NaN
3017,NaN
3018,NaN
3019,NaN
3020,NaN
3021,NaN
3022,NaN
3023,NaN
3024,NaN
3025,NaN
3026,NaN
3027,NaN
3028,NaN
3029,NaN
3030,NaN
3031,NaN
3032,NaN
3033,NaN
3034,NaN
3035,NaN
3036,NaN
3037,NaN
3038,NaN
3039,NaN
3040,NaN
3041,NaN
3042,NaN
3043,NaN
3044,NaN
3045,NaN
3046,NaN
3047,NaN
3048,NaN
3049,NaN
3050,NaN
3051,NaN
3052,NaN
3053,NaN
3054,NaN
3055,NaN
3056,NaN
3057,NaN
3058,NaN
3059,NaN
3060,NaN
3061,NaN
3062,NaN
3063,NaN
3064,NaN
3065,NaN
3066,NaN
3067,NaN
3068,NaN
3069,NaN
3070,NaN
3071,NaN
3072,NaN
3073,NaN
3074,NaN
3075,NaN
3076,NaN
3077,NaN
3078,NaN
3079,NaN
3080,NaN
3081,NaN
3082,NaN
3083,NaN
3084,NaN
3085,NaN
3086,NaN
3087,NaN
3088,NaN
3089,NaN
3090,NaN
3091,NaN
3092,NaN
3093,NaN
3094,NaN
3095,NaN
3096,NaN
3097,NaN
3098,NaN
3099,NaN
3100,NaN
3101,NaN
3102,NaN
3103,NaN
3104,NaN
3105,NaN
3106,NaN
3107,NaN
3108,NaN
3109,NaN
3110,NaN
3111,NaN
3112,NaN
3113,NaN
3114,NaN
3115,NaN
3116,NaN
3117,NaN
